feature_index,row_id,mz,rt_min,charge,adduct,adduct_rep_file,rep_file_source,mzml_path,has_ms2
9,10,522.353300,5.047000,1,[M+H]1+,C_46.mzML,mzmine_adduct_rep_file,/bigdata/stajichlab/shared/projects/Rhodotorula/Rhodotorula_Metabolites/mzML/C_46.mzML,true
36,37,278.190400,3.245654,1,[M+H]1+,SUP_1.mzML,max_peak_area_fallback,/bigdata/stajichlab/shared/projects/Rhodotorula/Rhodotorula_Metabolites/ExFab_Supernatant/SUP_1.mzML,true
60,61,523.356700,5.047000,1,[M+H]1+,C_46.mzML,mzmine_adduct_rep_file,/bigdata/stajichlab/shared/projects/Rhodotorula/Rhodotorula_Metabolites/mzML/C_46.mzML,true
227,241,191.085100,3.160846,1,[M+H]1+,SUP_71.mzML,max_peak_area_fallback,/bigdata/stajichlab/shared/projects/Rhodotorula/Rhodotorula_Metabolites/ExFab_Supernatant/SUP_71.mzML,true
394,425,377.144200,1.556000,1,[M+H]1+,SUP_322.mzML,max_peak_area_fallback,/bigdata/stajichlab/shared/projects/Rhodotorula/Rhodotorula_Metabolites/ExFab_Supernatant/SUP_322.mzML,true
488,541,524.359600,5.047000,1,[M+H]1+,C_46.mzML,mzmine_adduct_rep_file,/bigdata/stajichlab/shared/projects/Rhodotorula/Rhodotorula_Metabolites/mzML/C_46.mzML,true
561,627,761.608600,6.105451,1,[M+H]1+,C_321.mzML,mzmine_adduct_rep_file,/bigdata/stajichlab/shared/projects/Rhodotorula/Rhodotorula_Metabolites/mzML/C_321.mzML,true
565,632,301.140400,5.054000,1,[M+H]1+,SUP_3.mzML,max_peak_area_fallback,/bigdata/stajichlab/shared/projects/Rhodotorula/Rhodotorula_Metabolites/ExFab_Supernatant/SUP_3.mzML,true
594,669,523.322100,6.035339,1,[M+H]1+,C_111.mzML,max_peak_area_fallback,/bigdata/stajichlab/shared/projects/Rhodotorula/Rhodotorula_Metabolites/mzML/C_111.mzML,true
703,795,812.539800,5.193000,1,[M+H]1+,C_259.mzML,mzmine_adduct_rep_file,/bigdata/stajichlab/shared/projects/Rhodotorula/Rhodotorula_Metabolites/mzML/C_259.mzML,true
774,881,453.173700,4.323244,1,[M+H]1+,C_287.mzML,mzmine_adduct_rep_file,/bigdata/stajichlab/shared/projects/Rhodotorula/Rhodotorula_Metabolites/mzML/C_287.mzML,true
852,980,336.190800,1.561362,1,[M+H]1+,SUP_236.mzML,mzmine_adduct_rep_file,/bigdata/stajichlab/shared/projects/Rhodotorula/Rhodotorula_Metabolites/ExFab_Supernatant/SUP_236.mzML,true
876,1008,545.272400,1.188305,2,[M+2H]2+,SUP_46.mzML,max_peak_area_fallback,/bigdata/stajichlab/shared/projects/Rhodotorula/Rhodotorula_Metabolites/ExFab_Supernatant/SUP_46.mzML,true
1010,1159,592.271000,0.854166,1,[M+H]1+,SUP_45.mzML,mzmine_adduct_rep_file,/bigdata/stajichlab/shared/projects/Rhodotorula/Rhodotorula_Metabolites/ExFab_Supernatant/SUP_45.mzML,true
1505,1764,575.278600,1.182968,2,[M+2H]2+,SUP_51.mzML,mzmine_adduct_rep_file,/bigdata/stajichlab/shared/projects/Rhodotorula/Rhodotorula_Metabolites/ExFab_Supernatant/SUP_51.mzML,true
1584,1860,773.354900,1.265260,2,[M+2H]2+,SUP_46.mzML,max_peak_area_fallback,/bigdata/stajichlab/shared/projects/Rhodotorula/Rhodotorula_Metabolites/ExFab_Supernatant/SUP_46.mzML,true
1600,1879,429.334500,5.149000,1,[M+H]1+,C_51.mzML,mzmine_adduct_rep_file,/bigdata/stajichlab/shared/projects/Rhodotorula/Rhodotorula_Metabolites/mzML/C_51.mzML,true
1805,2128,602.348100,1.178241,1,[M+H]1+,SUP_321.mzML,max_peak_area_fallback,/bigdata/stajichlab/shared/projects/Rhodotorula/Rhodotorula_Metabolites/ExFab_Supernatant/SUP_321.mzML,true
1824,2148,473.142400,4.499150,1,[M+H]1+,SUP_28.mzML,mzmine_adduct_rep_file,/bigdata/stajichlab/shared/projects/Rhodotorula/Rhodotorula_Metabolites/ExFab_Supernatant/SUP_28.mzML,true
1903,2252,346.232900,0.553569,1,[M+K]1+,SUP_empty1.mzML,mzmine_adduct_rep_file,/bigdata/stajichlab/shared/projects/Rhodotorula/Rhodotorula_Metabolites/ExFab_Supernatant/SUP_empty1.mzML,true
1922,2278,550.384500,5.210951,1,[M+H]1+,C_81.mzML,mzmine_adduct_rep_file,/bigdata/stajichlab/shared/projects/Rhodotorula/Rhodotorula_Metabolites/mzML/C_81.mzML,true
2001,2370,476.158900,4.323244,1,[M+Na]1+,C_287.mzML,mzmine_adduct_rep_file,/bigdata/stajichlab/shared/projects/Rhodotorula/Rhodotorula_Metabolites/mzML/C_287.mzML,true
2006,2375,314.657400,1.368559,2,[M+2H]2+,SUP_93.mzML,max_peak_area_fallback,/bigdata/stajichlab/shared/projects/Rhodotorula/Rhodotorula_Metabolites/ExFab_Supernatant/SUP_93.mzML,true
2049,2426,744.550800,5.573336,1,[M+K]1+,C_119.mzML,mzmine_adduct_rep_file,/bigdata/stajichlab/shared/projects/Rhodotorula/Rhodotorula_Metabolites/mzML/C_119.mzML,true
2078,2467,618.347800,2.555000,1,[M+H]1+,SUP_65.mzML,max_peak_area_fallback,/bigdata/stajichlab/shared/projects/Rhodotorula/Rhodotorula_Metabolites/ExFab_Supernatant/SUP_65.mzML,true
2167,2583,495.124300,4.509146,1,[M+Na]1+,SUP_28.mzML,mzmine_adduct_rep_file,/bigdata/stajichlab/shared/projects/Rhodotorula/Rhodotorula_Metabolites/ExFab_Supernatant/SUP_28.mzML,true
2246,2682,433.205100,3.776592,1,[M+H]1+,C_287.mzML,mzmine_adduct_rep_file,/bigdata/stajichlab/shared/projects/Rhodotorula/Rhodotorula_Metabolites/mzML/C_287.mzML,true
2247,2684,394.232600,1.060793,1,[M+H]1+,SUP_205.mzML,max_peak_area_fallback,/bigdata/stajichlab/shared/projects/Rhodotorula/Rhodotorula_Metabolites/ExFab_Supernatant/SUP_205.mzML,true
2280,2718,600.337200,3.434138,1,[M+H]1+,SUP_83.mzML,mzmine_adduct_rep_file,/bigdata/stajichlab/shared/projects/Rhodotorula/Rhodotorula_Metabolites/ExFab_Supernatant/SUP_83.mzML,true
2286,2724,481.283700,5.747412,1,[M+Na]1+,SUP_45.mzML,max_peak_area_fallback,/bigdata/stajichlab/shared/projects/Rhodotorula/Rhodotorula_Metabolites/ExFab_Supernatant/SUP_45.mzML,true
2316,2763,366.201400,1.527119,1,[M+H]1+,SUP_empty1.mzML,max_peak_area_fallback,/bigdata/stajichlab/shared/projects/Rhodotorula/Rhodotorula_Metabolites/ExFab_Supernatant/SUP_empty1.mzML,true
2471,2955,505.310300,4.792000,1,[M+H]1+,C_155.mzML,mzmine_adduct_rep_file,/bigdata/stajichlab/shared/projects/Rhodotorula/Rhodotorula_Metabolites/mzML/C_155.mzML,true
2511,3005,544.361000,4.984800,1,[M+H]1+,C_71.mzML,max_peak_area_fallback,/bigdata/stajichlab/shared/projects/Rhodotorula/Rhodotorula_Metabolites/mzML/C_71.mzML,true
2539,3043,557.328100,1.244242,1,[M+H]1+,SUP_45.mzML,max_peak_area_fallback,/bigdata/stajichlab/shared/projects/Rhodotorula/Rhodotorula_Metabolites/ExFab_Supernatant/SUP_45.mzML,true
2637,3168,339.344500,5.451000,1,[M-H2O+H]1+,C_80.mzML,max_peak_area_fallback,/bigdata/stajichlab/shared/projects/Rhodotorula/Rhodotorula_Metabolites/mzML/C_80.mzML,true
2720,3269,499.346400,5.012000,1,[M+H]1+,C_37.mzML,mzmine_adduct_rep_file,/bigdata/stajichlab/shared/projects/Rhodotorula/Rhodotorula_Metabolites/mzML/C_37.mzML,true
2742,3294,355.069200,5.781000,1,[M+H]1+,SUP_1.mzML,max_peak_area_fallback,/bigdata/stajichlab/shared/projects/Rhodotorula/Rhodotorula_Metabolites/ExFab_Supernatant/SUP_1.mzML,true
2749,3301,454.177100,4.323244,1,[M+H]1+,C_287.mzML,mzmine_adduct_rep_file,/bigdata/stajichlab/shared/projects/Rhodotorula/Rhodotorula_Metabolites/mzML/C_287.mzML,true
2775,3337,421.243500,1.284476,1,[M-H2O+H]1+,SUP_81.mzML,mzmine_adduct_rep_file,/bigdata/stajichlab/shared/projects/Rhodotorula/Rhodotorula_Metabolites/ExFab_Supernatant/SUP_81.mzML,true
2807,3376,588.301300,2.369538,1,[M+H]1+,SUP_205.mzML,mzmine_adduct_rep_file,/bigdata/stajichlab/shared/projects/Rhodotorula/Rhodotorula_Metabolites/ExFab_Supernatant/SUP_205.mzML,true
2826,3404,879.495300,7.544000,1,[M+Na]1+,C_244.mzML,mzmine_adduct_rep_file,/bigdata/stajichlab/shared/projects/Rhodotorula/Rhodotorula_Metabolites/mzML/C_244.mzML,true
2846,3426,535.294900,1.136767,1,[M+ACN+H]1+,SUP_205.mzML,mzmine_adduct_rep_file,/bigdata/stajichlab/shared/projects/Rhodotorula/Rhodotorula_Metabolites/ExFab_Supernatant/SUP_205.mzML,true
2852,3432,504.280300,1.579613,1,[M+H]1+,SUP_42.mzML,max_peak_area_fallback,/bigdata/stajichlab/shared/projects/Rhodotorula/Rhodotorula_Metabolites/ExFab_Supernatant/SUP_42.mzML,true
2876,3463,505.283700,1.787393,1,[M+H]1+,SUP_59.mzML,max_peak_area_fallback,/bigdata/stajichlab/shared/projects/Rhodotorula/Rhodotorula_Metabolites/ExFab_Supernatant/SUP_59.mzML,true
2883,3474,609.445400,6.058299,2,[M+2H]2+,SUP_9.mzML,max_peak_area_fallback,/bigdata/stajichlab/shared/projects/Rhodotorula/Rhodotorula_Metabolites/ExFab_Supernatant/SUP_9.mzML,true
2901,3495,783.590500,6.145512,1,[M+Na]1+,C_321.mzML,mzmine_adduct_rep_file,/bigdata/stajichlab/shared/projects/Rhodotorula/Rhodotorula_Metabolites/mzML/C_321.mzML,true
3013,3626,576.319100,5.238743,1,[M+NH3+H]1+,C_37.mzML,mzmine_adduct_rep_file,/bigdata/stajichlab/shared/projects/Rhodotorula/Rhodotorula_Metabolites/mzML/C_37.mzML,true
3066,3692,427.265300,1.186000,1,[M+H]1+,SUP_6.mzML,max_peak_area_fallback,/bigdata/stajichlab/shared/projects/Rhodotorula/Rhodotorula_Metabolites/ExFab_Supernatant/SUP_6.mzML,true
3117,3751,377.225600,1.904628,1,[M+H]1+,SUP_10.mzML,max_peak_area_fallback,/bigdata/stajichlab/shared/projects/Rhodotorula/Rhodotorula_Metabolites/ExFab_Supernatant/SUP_10.mzML,true
3201,3858,601.517500,7.561000,1,[M+H]1+,C_34.mzML,max_peak_area_fallback,/bigdata/stajichlab/shared/projects/Rhodotorula/Rhodotorula_Metabolites/mzML/C_34.mzML,true
3316,3991,470.200100,4.323244,1,[M+NH3+H]1+,C_287.mzML,mzmine_adduct_rep_file,/bigdata/stajichlab/shared/projects/Rhodotorula/Rhodotorula_Metabolites/mzML/C_287.mzML,true
3335,4015,275.160000,0.550562,1,[M+H]1+,SUP_5.mzML,max_peak_area_fallback,/bigdata/stajichlab/shared/projects/Rhodotorula/Rhodotorula_Metabolites/ExFab_Supernatant/SUP_5.mzML,true
3341,4023,627.220600,7.601272,1,[M+H]1+,C_35.mzML,mzmine_adduct_rep_file,/bigdata/stajichlab/shared/projects/Rhodotorula/Rhodotorula_Metabolites/mzML/C_35.mzML,true
3365,4055,231.085800,0.983158,1,[M-H2O+H]1+,C_111.mzML,mzmine_adduct_rep_file,/bigdata/stajichlab/shared/projects/Rhodotorula/Rhodotorula_Metabolites/mzML/C_111.mzML,true
3460,4176,229.070000,7.661940,1,[M-H2O+H]1+,C_34.mzML,mzmine_adduct_rep_file,/bigdata/stajichlab/shared/projects/Rhodotorula/Rhodotorula_Metabolites/mzML/C_34.mzML,true
3534,4277,578.316800,1.224750,1,[M+H]1+,SUP_13.mzML,max_peak_area_fallback,/bigdata/stajichlab/shared/projects/Rhodotorula/Rhodotorula_Metabolites/ExFab_Supernatant/SUP_13.mzML,true
3722,4512,483.325700,5.163021,1,[M+H]1+,C_81.mzML,mzmine_adduct_rep_file,/bigdata/stajichlab/shared/projects/Rhodotorula/Rhodotorula_Metabolites/mzML/C_81.mzML,true
3732,4522,229.153900,1.604000,1,[M+H]1+,SUP_72.mzML,max_peak_area_fallback,/bigdata/stajichlab/shared/projects/Rhodotorula/Rhodotorula_Metabolites/ExFab_Supernatant/SUP_72.mzML,true
3763,4563,553.302500,1.011409,1,[M+H]1+,SUP_46.mzML,max_peak_area_fallback,/bigdata/stajichlab/shared/projects/Rhodotorula/Rhodotorula_Metabolites/ExFab_Supernatant/SUP_46.mzML,true
3786,4598,662.833700,2.125038,2,[M+2H]2+,SUP_8.mzML,max_peak_area_fallback,/bigdata/stajichlab/shared/projects/Rhodotorula/Rhodotorula_Metabolites/ExFab_Supernatant/SUP_8.mzML,true
3815,4630,1000.527500,1.447591,1,[M+H]1+,SUP_57.mzML,max_peak_area_fallback,/bigdata/stajichlab/shared/projects/Rhodotorula/Rhodotorula_Metabolites/ExFab_Supernatant/SUP_57.mzML,true
3885,4715,512.235700,1.149765,1,[M+H]1+,SUP_13.mzML,max_peak_area_fallback,/bigdata/stajichlab/shared/projects/Rhodotorula/Rhodotorula_Metabolites/ExFab_Supernatant/SUP_13.mzML,true
3894,4725,396.187800,0.883484,3,[M+3H]3+,SUP_46.mzML,max_peak_area_fallback,/bigdata/stajichlab/shared/projects/Rhodotorula/Rhodotorula_Metabolites/ExFab_Supernatant/SUP_46.mzML,true
3912,4749,456.280400,1.548414,1,[M+NH3+H]1+,SUP_35.mzML,mzmine_adduct_rep_file,/bigdata/stajichlab/shared/projects/Rhodotorula/Rhodotorula_Metabolites/ExFab_Supernatant/SUP_35.mzML,true
3978,4827,581.363600,1.698079,1,[M+H]1+,SUP_88.mzML,max_peak_area_fallback,/bigdata/stajichlab/shared/projects/Rhodotorula/Rhodotorula_Metabolites/ExFab_Supernatant/SUP_88.mzML,true
4051,4918,423.222600,1.712650,1,[M+H]1+,SUP_88.mzML,max_peak_area_fallback,/bigdata/stajichlab/shared/projects/Rhodotorula/Rhodotorula_Metabolites/ExFab_Supernatant/SUP_88.mzML,true
4055,4923,330.237900,1.030422,1,[M+H]1+,SUP_4.mzML,max_peak_area_fallback,/bigdata/stajichlab/shared/projects/Rhodotorula/Rhodotorula_Metabolites/ExFab_Supernatant/SUP_4.mzML,true
4186,5089,344.314700,4.830000,1,[M+H]1+,C_118.mzML,max_peak_area_fallback,/bigdata/stajichlab/shared/projects/Rhodotorula/Rhodotorula_Metabolites/mzML/C_118.mzML,true
4204,5113,325.206100,0.532218,1,[M-H2O+H]1+,SUP_52.mzML,mzmine_adduct_rep_file,/bigdata/stajichlab/shared/projects/Rhodotorula/Rhodotorula_Metabolites/ExFab_Supernatant/SUP_52.mzML,true
4268,5196,690.323800,1.269038,2,[M+2H]2+,SUP_51.mzML,mzmine_adduct_rep_file,/bigdata/stajichlab/shared/projects/Rhodotorula/Rhodotorula_Metabolites/ExFab_Supernatant/SUP_51.mzML,true
4327,5267,326.376900,4.951000,1,[M+H]1+,C_242.mzML,max_peak_area_fallback,/bigdata/stajichlab/shared/projects/Rhodotorula/Rhodotorula_Metabolites/mzML/C_242.mzML,true
4374,5325,631.318200,1.332000,1,[M+H]1+,SUP_73.mzML,max_peak_area_fallback,/bigdata/stajichlab/shared/projects/Rhodotorula/Rhodotorula_Metabolites/ExFab_Supernatant/SUP_73.mzML,true
4450,5419,576.312900,1.349724,1,[M+H]1+,SUP_54.mzML,max_peak_area_fallback,/bigdata/stajichlab/shared/projects/Rhodotorula/Rhodotorula_Metabolites/ExFab_Supernatant/SUP_54.mzML,true
4586,5595,505.346300,5.047000,1,[M-H2O+H]1+,C_46.mzML,mzmine_adduct_rep_file,/bigdata/stajichlab/shared/projects/Rhodotorula/Rhodotorula_Metabolites/mzML/C_46.mzML,true
4589,5600,881.510400,7.544000,1,[M+Na]1+,C_244.mzML,mzmine_adduct_rep_file,/bigdata/stajichlab/shared/projects/Rhodotorula/Rhodotorula_Metabolites/mzML/C_244.mzML,true
4675,5703,306.706800,0.866000,1,[M+H]1+,SUP_73.mzML,max_peak_area_fallback,/bigdata/stajichlab/shared/projects/Rhodotorula/Rhodotorula_Metabolites/ExFab_Supernatant/SUP_73.mzML,true
4716,5756,429.087500,5.632000,1,[M+H]1+,C_1.mzML,max_peak_area_fallback,/bigdata/stajichlab/shared/projects/Rhodotorula/Rhodotorula_Metabolites/mzML/C_1.mzML,true
4758,5810,315.665100,1.405000,2,[M+2H]2+,SUP_66.mzML,max_peak_area_fallback,/bigdata/stajichlab/shared/projects/Rhodotorula/Rhodotorula_Metabolites/ExFab_Supernatant/SUP_66.mzML,true
4777,5838,617.269600,3.388000,1,[M+H]1+,SUP_65.mzML,mzmine_adduct_rep_file,/bigdata/stajichlab/shared/projects/Rhodotorula/Rhodotorula_Metabolites/ExFab_Supernatant/SUP_65.mzML,true
4778,5839,554.460600,5.576000,1,[M+NH3+H]1+,SUP_15.mzML,mzmine_adduct_rep_file,/bigdata/stajichlab/shared/projects/Rhodotorula/Rhodotorula_Metabolites/ExFab_Supernatant/SUP_15.mzML,true
4822,5897,516.312300,1.059793,1,[M+H]1+,SUP_56.mzML,max_peak_area_fallback,/bigdata/stajichlab/shared/projects/Rhodotorula/Rhodotorula_Metabolites/ExFab_Supernatant/SUP_56.mzML,true
4930,6037,548.297700,4.950000,1,[M+H]1+,C_127.mzML,max_peak_area_fallback,/bigdata/stajichlab/shared/projects/Rhodotorula/Rhodotorula_Metabolites/mzML/C_127.mzML,true
5026,6158,268.657000,0.872713,1,[M+H]1+,SUP_12.mzML,max_peak_area_fallback,/bigdata/stajichlab/shared/projects/Rhodotorula/Rhodotorula_Metabolites/ExFab_Supernatant/SUP_12.mzML,true
5106,6263,626.274400,1.432358,1,[M+H]1+,SUP_14.mzML,max_peak_area_fallback,/bigdata/stajichlab/shared/projects/Rhodotorula/Rhodotorula_Metabolites/ExFab_Supernatant/SUP_14.mzML,true
5116,6274,540.533200,7.299264,1,[M+H]1+,C_71.mzML,mzmine_adduct_rep_file,/bigdata/stajichlab/shared/projects/Rhodotorula/Rhodotorula_Metabolites/mzML/C_71.mzML,true
5194,6374,1025.432600,2.968000,1,[M+H]1+,SUP_61.mzML,max_peak_area_fallback,/bigdata/stajichlab/shared/projects/Rhodotorula/Rhodotorula_Metabolites/ExFab_Supernatant/SUP_61.mzML,true
5208,6393,419.723100,1.094447,1,[M+H]1+,SUP_93.mzML,max_peak_area_fallback,/bigdata/stajichlab/shared/projects/Rhodotorula/Rhodotorula_Metabolites/ExFab_Supernatant/SUP_93.mzML,true
5249,6451,413.340000,5.740000,1,[M+H]1+,C_155.mzML,max_peak_area_fallback,/bigdata/stajichlab/shared/projects/Rhodotorula/Rhodotorula_Metabolites/mzML/C_155.mzML,true
5331,6568,880.498500,7.548000,1,[M+Na]1+,C_244.mzML,mzmine_adduct_rep_file,/bigdata/stajichlab/shared/projects/Rhodotorula/Rhodotorula_Metabolites/mzML/C_244.mzML,true
5335,6574,807.494700,7.544000,1,[M+H]1+,C_244.mzML,mzmine_adduct_rep_file,/bigdata/stajichlab/shared/projects/Rhodotorula/Rhodotorula_Metabolites/mzML/C_244.mzML,true
5344,6585,377.155700,1.640335,1,[M+H]1+,SUP_77.mzML,max_peak_area_fallback,/bigdata/stajichlab/shared/projects/Rhodotorula/Rhodotorula_Metabolites/ExFab_Supernatant/SUP_77.mzML,true
5392,6658,437.238400,1.766555,1,[M+H]1+,SUP_77.mzML,max_peak_area_fallback,/bigdata/stajichlab/shared/projects/Rhodotorula/Rhodotorula_Metabolites/ExFab_Supernatant/SUP_77.mzML,true
5409,6682,377.318700,5.098000,1,[M+H]1+,C_71.mzML,max_peak_area_fallback,/bigdata/stajichlab/shared/projects/Rhodotorula/Rhodotorula_Metabolites/mzML/C_71.mzML,true
5515,6816,449.216700,2.637462,1,[M+H]1+,SUP_92.mzML,max_peak_area_fallback,/bigdata/stajichlab/shared/projects/Rhodotorula/Rhodotorula_Metabolites/ExFab_Supernatant/SUP_92.mzML,true
5524,6828,335.159300,3.255000,1,[M+H]1+,SUP_73.mzML,mzmine_adduct_rep_file,/bigdata/stajichlab/shared/projects/Rhodotorula/Rhodotorula_Metabolites/ExFab_Supernatant/SUP_73.mzML,true
5566,6891,786.161400,1.409204,1,[M+H]1+,C_198.mzML,mzmine_adduct_rep_file,/bigdata/stajichlab/shared/projects/Rhodotorula/Rhodotorula_Metabolites/mzML/C_198.mzML,true
5587,6919,522.290700,1.478038,1,[M+H]1+,SUP_61.mzML,max_peak_area_fallback,/bigdata/stajichlab/shared/projects/Rhodotorula/Rhodotorula_Metabolites/ExFab_Supernatant/SUP_61.mzML,true
5624,6973,529.239000,2.458514,1,[M+Na]1+,SUP_17.mzML,mzmine_adduct_rep_file,/bigdata/stajichlab/shared/projects/Rhodotorula/Rhodotorula_Metabolites/ExFab_Supernatant/SUP_17.mzML,true
5654,7008,467.194700,0.830847,1,[M+H]1+,SUP_29.mzML,max_peak_area_fallback,/bigdata/stajichlab/shared/projects/Rhodotorula/Rhodotorula_Metabolites/ExFab_Supernatant/SUP_29.mzML,true
5687,7055,236.079900,1.843000,2,[2M+H+K]2+,C_258.mzML,mzmine_adduct_rep_file,/bigdata/stajichlab/shared/projects/Rhodotorula/Rhodotorula_Metabolites/mzML/C_258.mzML,true
5699,7067,626.360500,1.607658,1,[M+H]1+,SUP_69.mzML,max_peak_area_fallback,/bigdata/stajichlab/shared/projects/Rhodotorula/Rhodotorula_Metabolites/ExFab_Supernatant/SUP_69.mzML,true
5716,7090,377.155500,1.855137,1,[M+H]1+,SUP_257.mzML,max_peak_area_fallback,/bigdata/stajichlab/shared/projects/Rhodotorula/Rhodotorula_Metabolites/ExFab_Supernatant/SUP_257.mzML,true
5747,7135,168.080400,3.160846,1,[M+H]1+,SUP_65.mzML,max_peak_area_fallback,/bigdata/stajichlab/shared/projects/Rhodotorula/Rhodotorula_Metabolites/ExFab_Supernatant/SUP_65.mzML,true
5763,7158,688.258900,3.258000,1,[M+H]1+,SUP_61.mzML,mzmine_adduct_rep_file,/bigdata/stajichlab/shared/projects/Rhodotorula/Rhodotorula_Metabolites/ExFab_Supernatant/SUP_61.mzML,true
5795,7199,548.306400,1.504707,1,[M+H]1+,SUP_205.mzML,max_peak_area_fallback,/bigdata/stajichlab/shared/projects/Rhodotorula/Rhodotorula_Metabolites/ExFab_Supernatant/SUP_205.mzML,true
5799,7203,545.364700,4.979000,1,[M+H]1+,C_2.mzML,max_peak_area_fallback,/bigdata/stajichlab/shared/projects/Rhodotorula/Rhodotorula_Metabolites/mzML/C_2.mzML,true
5857,7282,656.290300,2.876242,1,[M+H]1+,SUP_59.mzML,max_peak_area_fallback,/bigdata/stajichlab/shared/projects/Rhodotorula/Rhodotorula_Metabolites/ExFab_Supernatant/SUP_59.mzML,true
5888,7327,199.086300,0.982191,1,[M+H]1+,SUP_45.mzML,mzmine_adduct_rep_file,/bigdata/stajichlab/shared/projects/Rhodotorula/Rhodotorula_Metabolites/ExFab_Supernatant/SUP_45.mzML,true
5979,7447,897.395300,2.522484,1,[M+H]1+,SUP_35.mzML,max_peak_area_fallback,/bigdata/stajichlab/shared/projects/Rhodotorula/Rhodotorula_Metabolites/ExFab_Supernatant/SUP_35.mzML,true
5995,7471,451.265700,0.560770,1,[M+H]1+,SUP_38.mzML,max_peak_area_fallback,/bigdata/stajichlab/shared/projects/Rhodotorula/Rhodotorula_Metabolites/ExFab_Supernatant/SUP_38.mzML,true
6065,7572,299.257100,5.351000,1,[M+H]1+,C_35.mzML,max_peak_area_fallback,/bigdata/stajichlab/shared/projects/Rhodotorula/Rhodotorula_Metabolites/mzML/C_35.mzML,true
6150,7700,471.363700,5.587000,1,[M+ACN+H]1+,C_186.mzML,mzmine_adduct_rep_file,/bigdata/stajichlab/shared/projects/Rhodotorula/Rhodotorula_Metabolites/mzML/C_186.mzML,true
6172,7727,451.317000,5.714000,1,[M+Na]1+,C_8.mzML,mzmine_adduct_rep_file,/bigdata/stajichlab/shared/projects/Rhodotorula/Rhodotorula_Metabolites/mzML/C_8.mzML,true
6180,7737,518.200000,4.513241,1,[M+H]1+,C_81.mzML,max_peak_area_fallback,/bigdata/stajichlab/shared/projects/Rhodotorula/Rhodotorula_Metabolites/mzML/C_81.mzML,true
6194,7759,505.731200,1.765000,1,[M+H]1+,SUP_73.mzML,max_peak_area_fallback,/bigdata/stajichlab/shared/projects/Rhodotorula/Rhodotorula_Metabolites/ExFab_Supernatant/SUP_73.mzML,true
6195,7760,602.520600,7.544000,1,[M+H]1+,C_34.mzML,max_peak_area_fallback,/bigdata/stajichlab/shared/projects/Rhodotorula/Rhodotorula_Metabolites/mzML/C_34.mzML,true
6196,7761,679.327800,2.866676,1,[M+H]1+,SUP_111.mzML,max_peak_area_fallback,/bigdata/stajichlab/shared/projects/Rhodotorula/Rhodotorula_Metabolites/ExFab_Supernatant/SUP_111.mzML,true
6262,7851,285.075200,1.942000,1,[M+H]1+,SUP_18.mzML,max_peak_area_fallback,/bigdata/stajichlab/shared/projects/Rhodotorula/Rhodotorula_Metabolites/ExFab_Supernatant/SUP_18.mzML,true
6407,8058,739.396900,1.493694,1,[M+H]1+,SUP_12.mzML,max_peak_area_fallback,/bigdata/stajichlab/shared/projects/Rhodotorula/Rhodotorula_Metabolites/ExFab_Supernatant/SUP_12.mzML,true
6543,8252,751.349100,2.887410,1,[M+H]1+,SUP_13.mzML,max_peak_area_fallback,/bigdata/stajichlab/shared/projects/Rhodotorula/Rhodotorula_Metabolites/ExFab_Supernatant/SUP_13.mzML,true
6569,8292,538.321900,2.744439,1,[M-2H2O+H]1+,SUP_empty3.mzML,mzmine_adduct_rep_file,/bigdata/stajichlab/shared/projects/Rhodotorula/Rhodotorula_Metabolites/ExFab_Supernatant/SUP_empty3.mzML,true
6576,8303,499.284100,4.837029,1,[M+H]1+,C_empty3.mzML,max_peak_area_fallback,/bigdata/stajichlab/shared/projects/Rhodotorula/Rhodotorula_Metabolites/mzML/C_empty3.mzML,true
6641,8401,484.382400,5.026000,1,[M+NH3+H]1+,SUP_58.mzML,mzmine_adduct_rep_file,/bigdata/stajichlab/shared/projects/Rhodotorula/Rhodotorula_Metabolites/ExFab_Supernatant/SUP_58.mzML,true
6644,8404,450.231700,3.776592,1,[M+NH3+H]1+,C_287.mzML,mzmine_adduct_rep_file,/bigdata/stajichlab/shared/projects/Rhodotorula/Rhodotorula_Metabolites/mzML/C_287.mzML,true
6646,8411,524.296100,4.985592,1,[M+3Na-2H]1+,C_37.mzML,mzmine_adduct_rep_file,/bigdata/stajichlab/shared/projects/Rhodotorula/Rhodotorula_Metabolites/mzML/C_37.mzML,true
6843,8743,787.622300,7.065745,1,[M+H]1+,C_55.mzML,max_peak_area_fallback,/bigdata/stajichlab/shared/projects/Rhodotorula/Rhodotorula_Metabolites/mzML/C_55.mzML,true
6852,8755,259.168500,5.609000,1,[M+H]1+,SUP_13.mzML,max_peak_area_fallback,/bigdata/stajichlab/shared/projects/Rhodotorula/Rhodotorula_Metabolites/ExFab_Supernatant/SUP_13.mzML,true
6882,8794,660.486400,5.003000,1,[M+NH3+H]1+,SUP_55.mzML,mzmine_adduct_rep_file,/bigdata/stajichlab/shared/projects/Rhodotorula/Rhodotorula_Metabolites/ExFab_Supernatant/SUP_55.mzML,true
6945,8907,507.241700,2.414530,1,[M+H]1+,SUP_66.mzML,max_peak_area_fallback,/bigdata/stajichlab/shared/projects/Rhodotorula/Rhodotorula_Metabolites/ExFab_Supernatant/SUP_66.mzML,true
7036,9053,261.159100,2.512426,1,[M+H]1+,SUP_69.mzML,max_peak_area_fallback,/bigdata/stajichlab/shared/projects/Rhodotorula/Rhodotorula_Metabolites/ExFab_Supernatant/SUP_69.mzML,true
7037,9056,398.265200,4.791000,1,[M+2Na-H]1+,SUP_5.mzML,mzmine_adduct_rep_file,/bigdata/stajichlab/shared/projects/Rhodotorula/Rhodotorula_Metabolites/ExFab_Supernatant/SUP_5.mzML,true
7073,9114,594.311800,2.600619,1,[M+K]1+,SUP_83.mzML,mzmine_adduct_rep_file,/bigdata/stajichlab/shared/projects/Rhodotorula/Rhodotorula_Metabolites/ExFab_Supernatant/SUP_83.mzML,true
7077,9125,559.415800,5.579000,1,[M+Na]1+,SUP_15.mzML,mzmine_adduct_rep_file,/bigdata/stajichlab/shared/projects/Rhodotorula/Rhodotorula_Metabolites/ExFab_Supernatant/SUP_15.mzML,true
7155,9250,377.146700,4.804126,1,[M+H]1+,SUP_92.mzML,max_peak_area_fallback,/bigdata/stajichlab/shared/projects/Rhodotorula/Rhodotorula_Metabolites/ExFab_Supernatant/SUP_92.mzML,true
7263,9412,219.210100,5.149000,1,[M-2H2O+H]1+,C_149.mzML,mzmine_adduct_rep_file,/bigdata/stajichlab/shared/projects/Rhodotorula/Rhodotorula_Metabolites/mzML/C_149.mzML,true
7264,9417,883.527600,7.542543,1,[M+H]1+,C_268.mzML,mzmine_adduct_rep_file,/bigdata/stajichlab/shared/projects/Rhodotorula/Rhodotorula_Metabolites/mzML/C_268.mzML,true
7299,9485,482.271100,0.556682,1,[M+2Na-H]1+,SUP_28.mzML,mzmine_adduct_rep_file,/bigdata/stajichlab/shared/projects/Rhodotorula/Rhodotorula_Metabolites/ExFab_Supernatant/SUP_28.mzML,true
7364,9590,420.222800,1.903053,1,[M+H]1+,SUP_58.mzML,max_peak_area_fallback,/bigdata/stajichlab/shared/projects/Rhodotorula/Rhodotorula_Metabolites/ExFab_Supernatant/SUP_58.mzML,true
7490,9812,441.371400,4.651649,1,[M+H]1+,SUP_8.mzML,mzmine_adduct_rep_file,/bigdata/stajichlab/shared/projects/Rhodotorula/Rhodotorula_Metabolites/ExFab_Supernatant/SUP_8.mzML,true
7515,9852,429.335000,5.723000,1,[M+H]1+,C_8.mzML,mzmine_adduct_rep_file,/bigdata/stajichlab/shared/projects/Rhodotorula/Rhodotorula_Metabolites/mzML/C_8.mzML,true
7521,9866,633.341600,1.796166,1,[M-NH3+H2O+H]1+,SUP_83.mzML,mzmine_adduct_rep_file,/bigdata/stajichlab/shared/projects/Rhodotorula/Rhodotorula_Metabolites/ExFab_Supernatant/SUP_83.mzML,true
7590,9986,253.194100,5.112000,1,[M+H]1+,C_233.mzML,max_peak_area_fallback,/bigdata/stajichlab/shared/projects/Rhodotorula/Rhodotorula_Metabolites/mzML/C_233.mzML,true
7600,10003,206.080700,2.041256,1,[M+H]1+,C_35.mzML,mzmine_adduct_rep_file,/bigdata/stajichlab/shared/projects/Rhodotorula/Rhodotorula_Metabolites/mzML/C_35.mzML,true
7617,10034,759.365000,2.206273,1,[M+H]1+,SUP_19.mzML,max_peak_area_fallback,/bigdata/stajichlab/shared/projects/Rhodotorula/Rhodotorula_Metabolites/ExFab_Supernatant/SUP_19.mzML,true
7697,10168,393.313700,4.984800,1,[M-H2O+H]1+,C_71.mzML,mzmine_adduct_rep_file,/bigdata/stajichlab/shared/projects/Rhodotorula/Rhodotorula_Metabolites/mzML/C_71.mzML,true
7699,10174,491.129500,4.323244,1,[M+K]1+,C_287.mzML,mzmine_adduct_rep_file,/bigdata/stajichlab/shared/projects/Rhodotorula/Rhodotorula_Metabolites/mzML/C_287.mzML,true
7771,10313,692.340900,1.853485,1,[M+H]1+,SUP_139.mzML,max_peak_area_fallback,/bigdata/stajichlab/shared/projects/Rhodotorula/Rhodotorula_Metabolites/ExFab_Supernatant/SUP_139.mzML,true
7779,10335,465.269400,1.821387,1,[M+H]1+,SUP_6.mzML,max_peak_area_fallback,/bigdata/stajichlab/shared/projects/Rhodotorula/Rhodotorula_Metabolites/ExFab_Supernatant/SUP_6.mzML,true
7787,10356,312.325100,5.710766,1,[M+H]1+,C_65.mzML,max_peak_area_fallback,/bigdata/stajichlab/shared/projects/Rhodotorula/Rhodotorula_Metabolites/mzML/C_65.mzML,true
7795,10368,209.189300,4.768071,1,[M+H]1+,SUP_66.mzML,mzmine_adduct_rep_file,/bigdata/stajichlab/shared/projects/Rhodotorula/Rhodotorula_Metabolites/ExFab_Supernatant/SUP_66.mzML,true
7801,10377,321.314600,5.451000,1,[M+H]1+,C_34.mzML,max_peak_area_fallback,/bigdata/stajichlab/shared/projects/Rhodotorula/Rhodotorula_Metabolites/mzML/C_34.mzML,true
7899,10550,229.154200,2.206249,1,[M+H]1+,SUP_60.mzML,max_peak_area_fallback,/bigdata/stajichlab/shared/projects/Rhodotorula/Rhodotorula_Metabolites/ExFab_Supernatant/SUP_60.mzML,true
7944,10637,284.657500,0.887456,1,[M+H]1+,SUP_5.mzML,max_peak_area_fallback,/bigdata/stajichlab/shared/projects/Rhodotorula/Rhodotorula_Metabolites/ExFab_Supernatant/SUP_5.mzML,true
8009,10769,443.212000,2.409035,1,[M-3H2O+H]1+,SUP_104.mzML,mzmine_adduct_rep_file,/bigdata/stajichlab/shared/projects/Rhodotorula/Rhodotorula_Metabolites/ExFab_Supernatant/SUP_104.mzML,true
8144,11029,501.265800,0.577662,1,[M+H]1+,SUP_46.mzML,max_peak_area_fallback,/bigdata/stajichlab/shared/projects/Rhodotorula/Rhodotorula_Metabolites/ExFab_Supernatant/SUP_46.mzML,true
8161,11056,404.180400,2.706553,1,[M+H]1+,SUP_57.mzML,mzmine_adduct_rep_file,/bigdata/stajichlab/shared/projects/Rhodotorula/Rhodotorula_Metabolites/ExFab_Supernatant/SUP_57.mzML,true
8242,11234,309.256600,5.122000,1,[M+H]1+,C_233.mzML,max_peak_area_fallback,/bigdata/stajichlab/shared/projects/Rhodotorula/Rhodotorula_Metabolites/mzML/C_233.mzML,true
8246,11249,1023.437900,3.070137,1,[M+Na]1+,SUP_72.mzML,mzmine_adduct_rep_file,/bigdata/stajichlab/shared/projects/Rhodotorula/Rhodotorula_Metabolites/ExFab_Supernatant/SUP_72.mzML,true
8321,11413,336.311000,5.275000,1,[M+H]1+,C_44.mzML,max_peak_area_fallback,/bigdata/stajichlab/shared/projects/Rhodotorula/Rhodotorula_Metabolites/mzML/C_44.mzML,true
8350,11477,971.586600,5.680306,1,[M+H]1+,C_273.mzML,max_peak_area_fallback,/bigdata/stajichlab/shared/projects/Rhodotorula/Rhodotorula_Metabolites/mzML/C_273.mzML,true
8364,11516,362.206200,1.315744,1,[M+H]1+,SUP_58.mzML,max_peak_area_fallback,/bigdata/stajichlab/shared/projects/Rhodotorula/Rhodotorula_Metabolites/ExFab_Supernatant/SUP_58.mzML,true
8368,11520,710.341100,2.551000,1,[M+H]1+,SUP_86.mzML,max_peak_area_fallback,/bigdata/stajichlab/shared/projects/Rhodotorula/Rhodotorula_Metabolites/ExFab_Supernatant/SUP_86.mzML,true
8635,12126,490.168900,4.499150,1,[M+NH3+H]1+,SUP_28.mzML,mzmine_adduct_rep_file,/bigdata/stajichlab/shared/projects/Rhodotorula/Rhodotorula_Metabolites/ExFab_Supernatant/SUP_28.mzML,true
8650,12157,440.356400,5.028000,1,[M+NH3+H]1+,SUP_65.mzML,mzmine_adduct_rep_file,/bigdata/stajichlab/shared/projects/Rhodotorula/Rhodotorula_Metabolites/ExFab_Supernatant/SUP_65.mzML,true
8683,12215,603.407600,5.105756,1,[M+H]1+,SUP_56.mzML,mzmine_adduct_rep_file,/bigdata/stajichlab/shared/projects/Rhodotorula/Rhodotorula_Metabolites/ExFab_Supernatant/SUP_56.mzML,true
8807,12561,223.063200,4.998000,1,[M+H]1+,C_162.mzML,max_peak_area_fallback,/bigdata/stajichlab/shared/projects/Rhodotorula/Rhodotorula_Metabolites/mzML/C_162.mzML,true
8839,12619,475.251400,2.759000,1,[M+H]1+,SUP_214.mzML,max_peak_area_fallback,/bigdata/stajichlab/shared/projects/Rhodotorula/Rhodotorula_Metabolites/ExFab_Supernatant/SUP_214.mzML,true
8957,12896,409.147700,4.323244,1,[M+H]1+,C_287.mzML,max_peak_area_fallback,/bigdata/stajichlab/shared/projects/Rhodotorula/Rhodotorula_Metabolites/mzML/C_287.mzML,true
9038,13106,441.221700,1.252000,1,[M+H]1+,SUP_13.mzML,max_peak_area_fallback,/bigdata/stajichlab/shared/projects/Rhodotorula/Rhodotorula_Metabolites/ExFab_Supernatant/SUP_13.mzML,true
9049,13135,439.739500,1.333912,1,[M+H]1+,SUP_92.mzML,max_peak_area_fallback,/bigdata/stajichlab/shared/projects/Rhodotorula/Rhodotorula_Metabolites/ExFab_Supernatant/SUP_92.mzML,true
9121,13313,242.247200,5.417000,1,[M+H]1+,C_242.mzML,max_peak_area_fallback,/bigdata/stajichlab/shared/projects/Rhodotorula/Rhodotorula_Metabolites/mzML/C_242.mzML,true
9239,13649,1026.630500,5.583152,1,[M+H]1+,C_1.mzML,max_peak_area_fallback,/bigdata/stajichlab/shared/projects/Rhodotorula/Rhodotorula_Metabolites/mzML/C_1.mzML,true
9252,13678,590.316800,1.923000,1,[M+H]1+,SUP_4.mzML,max_peak_area_fallback,/bigdata/stajichlab/shared/projects/Rhodotorula/Rhodotorula_Metabolites/ExFab_Supernatant/SUP_4.mzML,true
9266,13710,356.351600,5.442000,1,[M+H]1+,C_193.mzML,max_peak_area_fallback,/bigdata/stajichlab/shared/projects/Rhodotorula/Rhodotorula_Metabolites/mzML/C_193.mzML,true
9324,13856,531.265700,5.015941,1,[M+Na]1+,SUP_92.mzML,mzmine_adduct_rep_file,/bigdata/stajichlab/shared/projects/Rhodotorula/Rhodotorula_Metabolites/ExFab_Supernatant/SUP_92.mzML,true
9348,13917,616.295700,2.801708,1,[M+H]1+,SUP_111.mzML,max_peak_area_fallback,/bigdata/stajichlab/shared/projects/Rhodotorula/Rhodotorula_Metabolites/ExFab_Supernatant/SUP_111.mzML,true
9464,14211,442.746200,0.770898,1,[M+H]1+,SUP_91.mzML,max_peak_area_fallback,/bigdata/stajichlab/shared/projects/Rhodotorula/Rhodotorula_Metabolites/ExFab_Supernatant/SUP_91.mzML,true
9576,14554,429.334400,5.535452,1,[M+H]1+,C_233.mzML,max_peak_area_fallback,/bigdata/stajichlab/shared/projects/Rhodotorula/Rhodotorula_Metabolites/mzML/C_233.mzML,true
9765,15077,656.326100,2.117937,1,[M+H]1+,SUP_empty1.mzML,max_peak_area_fallback,/bigdata/stajichlab/shared/projects/Rhodotorula/Rhodotorula_Metabolites/ExFab_Supernatant/SUP_empty1.mzML,true
9802,15189,447.168600,2.642235,1,[M+H]1+,SUP_54.mzML,max_peak_area_fallback,/bigdata/stajichlab/shared/projects/Rhodotorula/Rhodotorula_Metabolites/ExFab_Supernatant/SUP_54.mzML,true
9834,15277,599.392400,4.650950,1,[M-H2O+H]1+,SUP_28.mzML,mzmine_adduct_rep_file,/bigdata/stajichlab/shared/projects/Rhodotorula/Rhodotorula_Metabolites/ExFab_Supernatant/SUP_28.mzML,true
9839,15294,438.201800,3.098169,1,[M+H]1+,SUP_56.mzML,max_peak_area_fallback,/bigdata/stajichlab/shared/projects/Rhodotorula/Rhodotorula_Metabolites/ExFab_Supernatant/SUP_56.mzML,true
9892,15462,599.392200,4.558066,1,[M-H2O+H]1+,SUP_19.mzML,mzmine_adduct_rep_file,/bigdata/stajichlab/shared/projects/Rhodotorula/Rhodotorula_Metabolites/ExFab_Supernatant/SUP_19.mzML,true
9976,15710,399.356800,4.977628,1,[M+H]1+,SUP_5.mzML,max_peak_area_fallback,/bigdata/stajichlab/shared/projects/Rhodotorula/Rhodotorula_Metabolites/ExFab_Supernatant/SUP_5.mzML,true
10007,15791,392.372900,5.495013,1,[M+H]1+,C_34.mzML,max_peak_area_fallback,/bigdata/stajichlab/shared/projects/Rhodotorula/Rhodotorula_Metabolites/mzML/C_34.mzML,true
10052,15908,265.104000,2.722470,1,[M+H]1+,SUP_66.mzML,max_peak_area_fallback,/bigdata/stajichlab/shared/projects/Rhodotorula/Rhodotorula_Metabolites/ExFab_Supernatant/SUP_66.mzML,true
10067,15950,223.168600,4.400173,1,[M+H]1+,SUP_105.mzML,max_peak_area_fallback,/bigdata/stajichlab/shared/projects/Rhodotorula/Rhodotorula_Metabolites/ExFab_Supernatant/SUP_105.mzML,true
10129,16128,463.254300,1.182483,1,[M+H]1+,SUP_58.mzML,max_peak_area_fallback,/bigdata/stajichlab/shared/projects/Rhodotorula/Rhodotorula_Metabolites/ExFab_Supernatant/SUP_58.mzML,true
10604,17654,244.153700,0.581497,1,[M+H]1+,SUP_168.mzML,mzmine_adduct_rep_file,/bigdata/stajichlab/shared/projects/Rhodotorula/Rhodotorula_Metabolites/ExFab_Supernatant/SUP_168.mzML,true
10701,18018,175.122500,4.753000,1,[M+H]1+,C_71.mzML,max_peak_area_fallback,/bigdata/stajichlab/shared/projects/Rhodotorula/Rhodotorula_Metabolites/mzML/C_71.mzML,true
10715,18068,429.334600,5.384000,1,[M+H]1+,C_36.mzML,max_peak_area_fallback,/bigdata/stajichlab/shared/projects/Rhodotorula/Rhodotorula_Metabolites/mzML/C_36.mzML,true
10729,18110,427.387800,5.149000,1,[M+H]1+,SUP_5.mzML,max_peak_area_fallback,/bigdata/stajichlab/shared/projects/Rhodotorula/Rhodotorula_Metabolites/ExFab_Supernatant/SUP_5.mzML,true
10889,18625,1195.466800,2.707000,1,[M+H]1+,SUP_92.mzML,max_peak_area_fallback,/bigdata/stajichlab/shared/projects/Rhodotorula/Rhodotorula_Metabolites/ExFab_Supernatant/SUP_92.mzML,true
10928,18742,396.330300,5.103112,1,[M+NH3+H]1+,SUP_55.mzML,mzmine_adduct_rep_file,/bigdata/stajichlab/shared/projects/Rhodotorula/Rhodotorula_Metabolites/ExFab_Supernatant/SUP_55.mzML,true
11018,19115,959.517800,4.477613,1,[M+H]1+,SUP_5.mzML,mzmine_adduct_rep_file,/bigdata/stajichlab/shared/projects/Rhodotorula/Rhodotorula_Metabolites/ExFab_Supernatant/SUP_5.mzML,true
11225,19969,371.099600,5.394000,1,[M+H]1+,C_185.mzML,max_peak_area_fallback,/bigdata/stajichlab/shared/projects/Rhodotorula/Rhodotorula_Metabolites/mzML/C_185.mzML,true
11375,20555,464.311900,5.168000,1,[M-H2O+H]1+,C_81.mzML,mzmine_adduct_rep_file,/bigdata/stajichlab/shared/projects/Rhodotorula/Rhodotorula_Metabolites/mzML/C_81.mzML,true
11398,20646,1168.846700,5.780000,1,[M+H]1+,SUP_86.mzML,mzmine_adduct_rep_file,/bigdata/stajichlab/shared/projects/Rhodotorula/Rhodotorula_Metabolites/ExFab_Supernatant/SUP_86.mzML,true
11497,21039,474.311700,5.546629,1,[M+H]1+,C_10.mzML,max_peak_area_fallback,/bigdata/stajichlab/shared/projects/Rhodotorula/Rhodotorula_Metabolites/mzML/C_10.mzML,true
11506,21074,465.377500,5.346000,1,[M+H]1+,C_37.mzML,max_peak_area_fallback,/bigdata/stajichlab/shared/projects/Rhodotorula/Rhodotorula_Metabolites/mzML/C_37.mzML,true
11523,21139,200.143000,1.976000,1,[M+H]1+,C_10.mzML,max_peak_area_fallback,/bigdata/stajichlab/shared/projects/Rhodotorula/Rhodotorula_Metabolites/mzML/C_10.mzML,true
11564,21315,565.405400,5.704949,1,[M+H]1+,C_64.mzML,max_peak_area_fallback,/bigdata/stajichlab/shared/projects/Rhodotorula/Rhodotorula_Metabolites/mzML/C_64.mzML,true
11589,21414,457.110400,1.585694,1,[M+H]1+,C_322.mzML,max_peak_area_fallback,/bigdata/stajichlab/shared/projects/Rhodotorula/Rhodotorula_Metabolites/mzML/C_322.mzML,true
11661,21745,526.365100,5.047000,1,[M+H]1+,C_71.mzML,max_peak_area_fallback,/bigdata/stajichlab/shared/projects/Rhodotorula/Rhodotorula_Metabolites/mzML/C_71.mzML,true
11857,22588,178.085800,2.935000,1,[M+H]1+,SUP_65.mzML,max_peak_area_fallback,/bigdata/stajichlab/shared/projects/Rhodotorula/Rhodotorula_Metabolites/ExFab_Supernatant/SUP_65.mzML,true
11995,23217,698.538900,5.688675,1,[M+H]1+,SUP_9.mzML,max_peak_area_fallback,/bigdata/stajichlab/shared/projects/Rhodotorula/Rhodotorula_Metabolites/ExFab_Supernatant/SUP_9.mzML,true
12243,24522,783.496000,5.413000,1,[M+H]1+,C_255.mzML,max_peak_area_fallback,/bigdata/stajichlab/shared/projects/Rhodotorula/Rhodotorula_Metabolites/mzML/C_255.mzML,true
12362,25097,203.106500,5.037000,1,[M-H2O+H]1+,C_50.mzML,max_peak_area_fallback,/bigdata/stajichlab/shared/projects/Rhodotorula/Rhodotorula_Metabolites/mzML/C_50.mzML,true
12635,26444,565.397500,6.364676,1,[M+H]1+,C_155.mzML,max_peak_area_fallback,/bigdata/stajichlab/shared/projects/Rhodotorula/Rhodotorula_Metabolites/mzML/C_155.mzML,true
12718,26859,620.301800,0.792351,1,[M+H]1+,SUP_12.mzML,max_peak_area_fallback,/bigdata/stajichlab/shared/projects/Rhodotorula/Rhodotorula_Metabolites/ExFab_Supernatant/SUP_12.mzML,true
12756,27092,442.374700,4.650950,1,[M+H]1+,SUP_8.mzML,mzmine_adduct_rep_file,/bigdata/stajichlab/shared/projects/Rhodotorula/Rhodotorula_Metabolites/ExFab_Supernatant/SUP_8.mzML,true
12764,27135,1349.991900,7.126000,1,[M+H]1+,SUP_20.mzML,max_peak_area_fallback,/bigdata/stajichlab/shared/projects/Rhodotorula/Rhodotorula_Metabolites/ExFab_Supernatant/SUP_20.mzML,true
12767,27161,808.143800,1.409204,1,[M+Na]1+,C_198.mzML,mzmine_adduct_rep_file,/bigdata/stajichlab/shared/projects/Rhodotorula/Rhodotorula_Metabolites/mzML/C_198.mzML,true
12808,27413,904.472800,5.460000,1,[M+H]1+,C_242.mzML,max_peak_area_fallback,/bigdata/stajichlab/shared/projects/Rhodotorula/Rhodotorula_Metabolites/mzML/C_242.mzML,true
12915,27928,910.458300,3.491000,1,[M+Na]1+,SUP_65.mzML,mzmine_adduct_rep_file,/bigdata/stajichlab/shared/projects/Rhodotorula/Rhodotorula_Metabolites/ExFab_Supernatant/SUP_65.mzML,true
12958,28218,210.086700,5.591084,1,[M+H]1+,C_7.mzML,max_peak_area_fallback,/bigdata/stajichlab/shared/projects/Rhodotorula/Rhodotorula_Metabolites/mzML/C_7.mzML,true
12960,28236,471.158100,7.594235,1,[M-H2O+H]1+,C_17.mzML,mzmine_adduct_rep_file,/bigdata/stajichlab/shared/projects/Rhodotorula/Rhodotorula_Metabolites/mzML/C_17.mzML,true
12969,28303,326.340300,5.801000,1,[M+H]1+,C_37.mzML,max_peak_area_fallback,/bigdata/stajichlab/shared/projects/Rhodotorula/Rhodotorula_Metabolites/mzML/C_37.mzML,true
13174,29524,537.434300,5.576000,1,[M+H]1+,C_310.mzML,max_peak_area_fallback,/bigdata/stajichlab/shared/projects/Rhodotorula/Rhodotorula_Metabolites/mzML/C_310.mzML,true
13193,29618,471.160800,3.776592,1,[M+K]1+,C_287.mzML,mzmine_adduct_rep_file,/bigdata/stajichlab/shared/projects/Rhodotorula/Rhodotorula_Metabolites/mzML/C_287.mzML,true
13211,29697,574.304600,4.762429,1,[M+H]1+,C_18.mzML,max_peak_area_fallback,/bigdata/stajichlab/shared/projects/Rhodotorula/Rhodotorula_Metabolites/mzML/C_18.mzML,true
13230,29791,960.520700,4.480158,1,[M+H]1+,SUP_5.mzML,mzmine_adduct_rep_file,/bigdata/stajichlab/shared/projects/Rhodotorula/Rhodotorula_Metabolites/ExFab_Supernatant/SUP_5.mzML,true
13233,29797,281.148900,1.018783,1,[M+H]1+,C_232.mzML,max_peak_area_fallback,/bigdata/stajichlab/shared/projects/Rhodotorula/Rhodotorula_Metabolites/mzML/C_232.mzML,true
13258,29926,455.248100,3.040000,1,[M+H]1+,SUP_65.mzML,max_peak_area_fallback,/bigdata/stajichlab/shared/projects/Rhodotorula/Rhodotorula_Metabolites/ExFab_Supernatant/SUP_65.mzML,true
13326,30276,301.163500,4.731000,1,[M+H]1+,SUP_58.mzML,mzmine_adduct_rep_file,/bigdata/stajichlab/shared/projects/Rhodotorula/Rhodotorula_Metabolites/ExFab_Supernatant/SUP_58.mzML,true
13373,30594,405.350100,4.560932,1,[M-2H2O+H]1+,SUP_21.mzML,mzmine_adduct_rep_file,/bigdata/stajichlab/shared/projects/Rhodotorula/Rhodotorula_Metabolites/ExFab_Supernatant/SUP_21.mzML,true
13448,31061,494.564000,5.533347,1,[M+H]1+,C_15.mzML,max_peak_area_fallback,/bigdata/stajichlab/shared/projects/Rhodotorula/Rhodotorula_Metabolites/mzML/C_15.mzML,true
13488,31365,1031.569000,5.670290,1,[M+H]1+,C_242.mzML,max_peak_area_fallback,/bigdata/stajichlab/shared/projects/Rhodotorula/Rhodotorula_Metabolites/mzML/C_242.mzML,true
13677,32584,269.149000,0.798341,1,[M+H]1+,SUP_73.mzML,max_peak_area_fallback,/bigdata/stajichlab/shared/projects/Rhodotorula/Rhodotorula_Metabolites/ExFab_Supernatant/SUP_73.mzML,true
13871,33858,685.507600,5.262657,1,[M+H]1+,SUP_21.mzML,max_peak_area_fallback,/bigdata/stajichlab/shared/projects/Rhodotorula/Rhodotorula_Metabolites/ExFab_Supernatant/SUP_21.mzML,true
13900,34037,742.565000,5.688675,1,[M+H]1+,C_191.mzML,max_peak_area_fallback,/bigdata/stajichlab/shared/projects/Rhodotorula/Rhodotorula_Metabolites/mzML/C_191.mzML,true
13919,34189,632.279900,2.534518,1,[M+H]1+,SUP_46.mzML,max_peak_area_fallback,/bigdata/stajichlab/shared/projects/Rhodotorula/Rhodotorula_Metabolites/ExFab_Supernatant/SUP_46.mzML,true
14042,35030,397.341100,4.782000,1,[M+H]1+,C_263.mzML,max_peak_area_fallback,/bigdata/stajichlab/shared/projects/Rhodotorula/Rhodotorula_Metabolites/mzML/C_263.mzML,true
14051,35119,341.264900,7.010000,1,[M+H]1+,SUP_14.mzML,max_peak_area_fallback,/bigdata/stajichlab/shared/projects/Rhodotorula/Rhodotorula_Metabolites/ExFab_Supernatant/SUP_14.mzML,true
14071,35255,299.099400,1.751130,1,[M+Na]1+,SUP_57.mzML,mzmine_adduct_rep_file,/bigdata/stajichlab/shared/projects/Rhodotorula/Rhodotorula_Metabolites/ExFab_Supernatant/SUP_57.mzML,true
14086,35370,730.353900,2.102339,2,[M+2H]2+,SUP_13.mzML,max_peak_area_fallback,/bigdata/stajichlab/shared/projects/Rhodotorula/Rhodotorula_Metabolites/ExFab_Supernatant/SUP_13.mzML,true
14109,35469,545.499000,7.278000,1,[M+H]1+,SUP_22.mzML,max_peak_area_fallback,/bigdata/stajichlab/shared/projects/Rhodotorula/Rhodotorula_Metabolites/ExFab_Supernatant/SUP_22.mzML,true
14189,35980,501.265700,0.801145,1,[M+H]1+,SUP_46.mzML,max_peak_area_fallback,/bigdata/stajichlab/shared/projects/Rhodotorula/Rhodotorula_Metabolites/ExFab_Supernatant/SUP_46.mzML,true
14260,36452,275.161000,4.727203,1,[M+Na]1+,SUP_221.mzML,mzmine_adduct_rep_file,/bigdata/stajichlab/shared/projects/Rhodotorula/Rhodotorula_Metabolites/ExFab_Supernatant/SUP_221.mzML,true
14364,37119,761.608600,6.290730,1,[M+H]1+,C_321.mzML,max_peak_area_fallback,/bigdata/stajichlab/shared/projects/Rhodotorula/Rhodotorula_Metabolites/mzML/C_321.mzML,true
14367,37158,429.342000,4.633034,1,[M+H]1+,C_139.mzML,max_peak_area_fallback,/bigdata/stajichlab/shared/projects/Rhodotorula/Rhodotorula_Metabolites/mzML/C_139.mzML,true
14491,38045,782.468800,6.982898,1,[M+H]1+,C_311.mzML,max_peak_area_fallback,/bigdata/stajichlab/shared/projects/Rhodotorula/Rhodotorula_Metabolites/mzML/C_311.mzML,true
14687,39685,352.159000,3.106341,1,[M+NH3+H]1+,C_111.mzML,mzmine_adduct_rep_file,/bigdata/stajichlab/shared/projects/Rhodotorula/Rhodotorula_Metabolites/mzML/C_111.mzML,true
15041,42268,360.149000,0.533658,1,[M+H]1+,C_73.mzML,max_peak_area_fallback,/bigdata/stajichlab/shared/projects/Rhodotorula/Rhodotorula_Metabolites/mzML/C_73.mzML,true
15058,42405,761.606400,7.226695,1,[M+H]1+,C_232.mzML,max_peak_area_fallback,/bigdata/stajichlab/shared/projects/Rhodotorula/Rhodotorula_Metabolites/mzML/C_232.mzML,true
15075,42545,626.751100,3.609686,1,[M+H]1+,SUP_21.mzML,max_peak_area_fallback,/bigdata/stajichlab/shared/projects/Rhodotorula/Rhodotorula_Metabolites/ExFab_Supernatant/SUP_21.mzML,true
15121,42970,205.157900,4.012181,1,[M-2H2O+H]1+,SUP_92.mzML,mzmine_adduct_rep_file,/bigdata/stajichlab/shared/projects/Rhodotorula/Rhodotorula_Metabolites/ExFab_Supernatant/SUP_92.mzML,true
15130,42998,928.486300,4.624730,1,[M+NH3+H]1+,SUP_61.mzML,mzmine_adduct_rep_file,/bigdata/stajichlab/shared/projects/Rhodotorula/Rhodotorula_Metabolites/ExFab_Supernatant/SUP_61.mzML,true
15279,44299,335.218000,5.012000,1,[M+H]1+,SUP_307.mzML,max_peak_area_fallback,/bigdata/stajichlab/shared/projects/Rhodotorula/Rhodotorula_Metabolites/ExFab_Supernatant/SUP_307.mzML,true
15320,44617,362.028200,1.843000,1,[M+3Na-2H]1+,C_246.mzML,mzmine_adduct_rep_file,/bigdata/stajichlab/shared/projects/Rhodotorula/Rhodotorula_Metabolites/mzML/C_246.mzML,true
15396,45186,251.124500,4.778069,1,[M+H]1+,SUP_66.mzML,max_peak_area_fallback,/bigdata/stajichlab/shared/projects/Rhodotorula/Rhodotorula_Metabolites/ExFab_Supernatant/SUP_66.mzML,true
15403,45234,450.231500,0.857455,1,[M+H]1+,SUP_11.mzML,max_peak_area_fallback,/bigdata/stajichlab/shared/projects/Rhodotorula/Rhodotorula_Metabolites/ExFab_Supernatant/SUP_11.mzML,true
15695,47621,164.070100,4.600102,1,[M+H]1+,C_117.mzML,max_peak_area_fallback,/bigdata/stajichlab/shared/projects/Rhodotorula/Rhodotorula_Metabolites/mzML/C_117.mzML,true
15811,48724,787.384400,5.294225,1,[M+H]1+,SUP_empty1.mzML,max_peak_area_fallback,/bigdata/stajichlab/shared/projects/Rhodotorula/Rhodotorula_Metabolites/ExFab_Supernatant/SUP_empty1.mzML,true
15964,50065,429.330000,6.251222,1,[M+H]1+,C_74.mzML,max_peak_area_fallback,/bigdata/stajichlab/shared/projects/Rhodotorula/Rhodotorula_Metabolites/mzML/C_74.mzML,true
15984,50270,725.514600,6.113176,1,[M+H]1+,C_93.mzML,max_peak_area_fallback,/bigdata/stajichlab/shared/projects/Rhodotorula/Rhodotorula_Metabolites/mzML/C_93.mzML,true
16004,50464,815.655900,6.423000,1,[M+H]1+,SUP_10.mzML,max_peak_area_fallback,/bigdata/stajichlab/shared/projects/Rhodotorula/Rhodotorula_Metabolites/ExFab_Supernatant/SUP_10.mzML,true
16090,51130,665.360100,1.341568,1,[M+H]1+,SUP_98.mzML,max_peak_area_fallback,/bigdata/stajichlab/shared/projects/Rhodotorula/Rhodotorula_Metabolites/ExFab_Supernatant/SUP_98.mzML,true
16092,51152,385.341000,4.743000,1,[M+H]1+,C_211.mzML,max_peak_area_fallback,/bigdata/stajichlab/shared/projects/Rhodotorula/Rhodotorula_Metabolites/mzML/C_211.mzML,true
16156,51845,689.446500,7.107000,1,[M+H]1+,SUP_37.mzML,max_peak_area_fallback,/bigdata/stajichlab/shared/projects/Rhodotorula/Rhodotorula_Metabolites/ExFab_Supernatant/SUP_37.mzML,true
16167,51915,303.085100,3.922000,1,[M+H]1+,SUP_58.mzML,max_peak_area_fallback,/bigdata/stajichlab/shared/projects/Rhodotorula/Rhodotorula_Metabolites/ExFab_Supernatant/SUP_58.mzML,true
16195,52137,578.923200,0.699407,1,[M+H]1+,C_227.mzML,max_peak_area_fallback,/bigdata/stajichlab/shared/projects/Rhodotorula/Rhodotorula_Metabolites/mzML/C_227.mzML,true
16214,52310,311.145100,4.170187,1,[M+H]1+,SUP_66.mzML,max_peak_area_fallback,/bigdata/stajichlab/shared/projects/Rhodotorula/Rhodotorula_Metabolites/ExFab_Supernatant/SUP_66.mzML,true
