formulaRank	molecularFormula	adduct	precursorFormula	NPC#pathway	NPC#pathway Probability	NPC#superclass	NPC#superclass Probability	NPC#class	NPC#class Probability	ClassyFire#superclass	ClassyFire#superclass probability	ClassyFire#class	ClassyFire#class Probability	ClassyFire#subclass	ClassyFire#subclass Probability	ClassyFire#level 5	ClassyFire#level 5 Probability	ClassyFire#most specific class	ClassyFire#most specific class Probability	ClassyFire#all classifications	ionMass	retentionTimeInSeconds	retentionTimeInMinutes	formulaId	alignedFeatureId	compoundId	mappingFeatureId	overallFeatureQuality
1	C33H46O6	[M + Na]+	C33H46NaO6+	Terpenoids	0.693	Macrolides	0.119	Open-chain polyketides	0.094	Lipids and lipid-like molecules	0.841	Prenol lipids	0.693					Prenol lipids	0.693	Organic compounds; Organoheterocyclic compounds; Lipids and lipid-like molecules; Alcohols and polyols; Ethers; Prenol lipids; Organic acids and derivatives; Carboxylic acids and derivatives; Organooxygen compounds; Carboxylic acid derivatives; Carboxylic acid esters; Cyclic alcohols and derivatives; Secondary alcohols; Carbonyl compounds; Organic oxides; Oxacyclic compounds; Hydrocarbon derivatives; Organic oxygen compounds; Chemical entities	561.317	33	0.558	875205263853861715	875205244392290952	875205244392290951	3760	
1	C15H21N7O4	[M + H]+	C15H22N7O4+	Amino acids and Peptides	1.000	Small peptides	1.000	Tripeptides	0.999	Organic acids and derivatives	1.000	Carboxylic acids and derivatives	1.000	Amino acids, peptides, and analogues	1.000	Peptides	1.000	Oligopeptides	0.999	Organic compounds; Lipids and lipid-like molecules; Amino acids, peptides, and analogues; Alpha amino acids and derivatives; Fatty acids and conjugates; Organic acids and derivatives; Carboxylic acids and derivatives; Organonitrogen compounds; Organooxygen compounds; Fatty amides; Amino acids and derivatives; Peptides; Guanidines; Monoalkylamines; Carboxylic acid amides; Amino fatty acids; Carboxylic acid derivatives; N-acyl amines; Monocarboxylic acids and derivatives; N-acyl-alpha amino acids and derivatives; Carboxylic acids; Secondary carboxylic acid amides; Carbonyl compounds; Alpha amino acid amides; Substituted imidazoles; N-acyl-alpha amino acids; Amines; Primary amines; Medium-chain fatty acids; Carboximidamides; Organic 1,3-dipolar compounds; Propargyl-type 1,3-dipolar organic compounds; Fatty Acyls; Organic oxides; Hydrocarbon derivatives; Amino acids; Organopnictogen compounds; Organic oxygen compounds; Organic nitrogen compounds; Oligopeptides; Chemical entities	364.179	37	0.618	875206937939000443	875205244488759952	875205244488759951	13854	
6	C29H39N5O7	[M + Na]+	C29H39N5NaO7+	Amino acids and Peptides	0.997	Oligopeptides	0.999	Cyclic peptides	0.904	Organic acids and derivatives	1.000	Carboxylic acids and derivatives	0.999	Amino acids, peptides, and analogues	0.993	Peptides	0.965	Oligopeptides	0.876	Organic compounds; Organoheterocyclic compounds; Amino acids, peptides, and analogues; Alpha amino acids and derivatives; Macrolactams; Pyrroles; Lactams; Indoles and derivatives; Phenylpropanoids and polyketides; Organic acids and derivatives; Carboxylic acids and derivatives; Organonitrogen compounds; Organooxygen compounds; Amino acids and derivatives; Peptides; Carboxylic acid amides; Carboxylic acid derivatives; Monocarboxylic acids and derivatives; N-acyl-alpha amino acids and derivatives; Carboxylic acids; Secondary carboxylic acid amides; Tertiary carboxylic acid amides; Carbonyl compounds; Cyclic peptides; Substituted pyrroles; Benzene and substituted derivatives; Alpha amino acid amides; N-acyl-alpha amino acids; Benzenoids; Indoles; Fatty Acyls; Organic oxides; Azacyclic compounds; Heteroaromatic compounds; Hydrocarbon derivatives; 3-alkylindoles; Organopnictogen compounds; Organic oxygen compounds; Organic nitrogen compounds; Oligopeptides; Chemical entities	592.271	46	0.775	875205870530575312	875205243003976228	875205242999781923	1159	
1	C33H46N6O8	[M + H]+	C33H47N6O8+	Amino acids and Peptides	0.982	Oligopeptides	0.999	Cyclic peptides	0.981	Organic acids and derivatives	1.000	Carboxylic acids and derivatives	0.999	Amino acids, peptides, and analogues	0.985	Peptides	0.931	Oligopeptides	0.888	Organic compounds; Organoheterocyclic compounds; Amino acids, peptides, and analogues; Alpha amino acids and derivatives; Macrolactams; Lactams; Pyrrolidines; Phenylpropanoids and polyketides; Organic acids and derivatives; Carboxylic acids and derivatives; Organonitrogen compounds; Organooxygen compounds; Amino acids and derivatives; Peptides; Carboxylic acid amides; Carboxylic acid derivatives; Secondary carboxylic acid amides; Tertiary carboxylic acid amides; Carbonyl compounds; Cyclic peptides; Benzenoids; Organic oxides; Azacyclic compounds; Hydrocarbon derivatives; Organopnictogen compounds; Organic oxygen compounds; Organic nitrogen compounds; Oligopeptides; Chemical entities	655.339	57	0.958	875205368929565524	875205243293383224	875205243289188919	1448	
2	C34H48N6O8	[M + H]+	C34H49N6O8+	Amino acids and Peptides	0.987	Oligopeptides	1.000	Cyclic peptides	0.942	Organic acids and derivatives	1.000	Carboxylic acids and derivatives	0.999	Amino acids, peptides, and analogues	0.995	Peptides	0.942	Oligopeptides	0.722	Organic compounds; Organoheterocyclic compounds; Amino acids, peptides, and analogues; Alpha amino acids and derivatives; Macrolactams; Pyrroles; Alcohols and polyols; Phenols; Lactams; Indoles and derivatives; Pyrrolidines; Phenylpropanoids and polyketides; Organic acids and derivatives; Carboxylic acids and derivatives; Organonitrogen compounds; Organooxygen compounds; Amino acids and derivatives; Peptides; Carboxylic acid amides; Carboxylic acid derivatives; Monocarboxylic acids and derivatives; N-acyl-alpha amino acids and derivatives; Carboxylic acids; Secondary alcohols; Secondary carboxylic acid amides; Tertiary carboxylic acid amides; Carbonyl compounds; Pyrrolidine carboxylic acids and derivatives; Cyclic peptides; Substituted pyrroles; Benzene and substituted derivatives; Alpha amino acid amides; Benzenoids; Indoles; Organic oxides; Azacyclic compounds; Heteroaromatic compounds; Hydrocarbon derivatives; 3-alkylindoles; Organopnictogen compounds; Organic oxygen compounds; 1-hydroxy-2-unsubstituted benzenoids; Organic nitrogen compounds; Oligopeptides; Chemical entities	669.355	59	0.977	875205848904743864	875205243536652872	875205243532458567	1944	
1	C35H54N8O9	[M + H]+	C35H55N8O9+	Amino acids and Peptides	1.000	Oligopeptides	0.986	Tripeptides	0.680	Organic acids and derivatives	1.000	Carboxylic acids and derivatives	1.000	Amino acids, peptides, and analogues	0.999	Peptides	0.997	Oligopeptides	0.973	Organic compounds; Organoheterocyclic compounds; Lipids and lipid-like molecules; Amino acids, peptides, and analogues; Alpha amino acids and derivatives; Pyrroles; Phenethylamines; Amphetamines and derivatives; Indoles and derivatives; Pyrrolidines; Fatty acids and conjugates; Organic acids and derivatives; Carboxylic acids and derivatives; Organonitrogen compounds; Organooxygen compounds; Fatty amides; Amino acids and derivatives; Peptides; Monoalkylamines; Carboxylic acid amides; Amino fatty acids; Carboxylic acid derivatives; N-acyl amines; Monocarboxylic acids and derivatives; N-acyl-alpha amino acids and derivatives; Carboxylic acids; Secondary carboxylic acid amides; Tertiary carboxylic acid amides; Carbonyl compounds; Pyrrolidine carboxylic acids and derivatives; Heterocyclic fatty acids; Pyrrolidinecarboxamides; Substituted pyrroles; Benzene and substituted derivatives; Alpha amino acid amides; N-acyl-alpha amino acids; Benzenoids; Amines; Primary amines; Indoles; N-acylpyrrolidines; Medium-chain fatty acids; Fatty Acyls; Organic oxides; Azacyclic compounds; Hydrocarbon derivatives; Amino acids; 3-alkylindoles; Phenylalanine and derivatives; Proline and derivatives; Organopnictogen compounds; Organic oxygen compounds; Organic nitrogen compounds; Oligopeptides; Chemical entities	731.406	61	1.015	875205703395949436	875205243658287696	875205243658287695	1365	
3	C32H45N5O7	[M + H]+	C32H46N5O7+	Amino acids and Peptides	0.990	Oligopeptides	0.999	Cyclic peptides	0.928	Organic acids and derivatives	1.000	Carboxylic acids and derivatives	0.999	Amino acids, peptides, and analogues	0.995	Peptides	0.953	Oligopeptides	0.797	Organic compounds; Organoheterocyclic compounds; Lipids and lipid-like molecules; Amino acids, peptides, and analogues; Alpha amino acids and derivatives; Macrolactams; Lactams; Pyrrolidines; Phenylpropanoids and polyketides; Organic acids and derivatives; Carboxylic acids and derivatives; Organonitrogen compounds; Organooxygen compounds; Amino acids and derivatives; Peptides; Carboxylic acid amides; Carboxylic acid derivatives; Monocarboxylic acids and derivatives; N-acyl-alpha amino acids and derivatives; Carboxylic acids; Secondary carboxylic acid amides; Tertiary carboxylic acid amides; Carbonyl compounds; Pyrrolidine carboxylic acids and derivatives; Cyclic peptides; Pyrrolidinecarboxamides; Benzene and substituted derivatives; Alpha amino acid amides; Benzenoids; N-acylpyrrolidines; Fatty Acyls; Organic oxides; Azacyclic compounds; Hydrocarbon derivatives; Valine and derivatives; Proline and derivatives; Organopnictogen compounds; Organic oxygen compounds; Organic nitrogen compounds; Oligopeptides; Chemical entities	612.333	62	1.025	875206687115426910	875205242244807160	875205242244807159	395	
3	C28H45N5O7	[M + Na]+	C28H45N5NaO7+	Amino acids and Peptides	0.992	Oligopeptides	0.999	Cyclic peptides	0.938	Organic acids and derivatives	1.000	Carboxylic acids and derivatives	0.999	Amino acids, peptides, and analogues	0.969	Peptides	0.932	Oligopeptides	0.757	Organic compounds; Organoheterocyclic compounds; Amino acids, peptides, and analogues; Alpha amino acids and derivatives; Macrolactams; Lactams; Phenylpropanoids and polyketides; Organic acids and derivatives; Carboxylic acids and derivatives; Organonitrogen compounds; Organooxygen compounds; Amino acids and derivatives; Peptides; Carboxylic acid amides; Carboxylic acid derivatives; Monocarboxylic acids and derivatives; Carboxylic acids; Secondary carboxylic acid amides; Carbonyl compounds; Cyclic peptides; Organic oxides; Azacyclic compounds; Hydrocarbon derivatives; Organopnictogen compounds; Organic oxygen compounds; Organic nitrogen compounds; Oligopeptides; Chemical entities	586.318	65	1.076	875205781372255143	875205242173503988	875205242169309683	401	
2	C33H46N6O8	[M + H]+	C33H47N6O8+	Amino acids and Peptides	0.995	Oligopeptides	0.999	Cyclic peptides	0.988	Organic acids and derivatives	1.000	Carboxylic acids and derivatives	0.999	Amino acids, peptides, and analogues	0.990	Peptides	0.950	Oligopeptides	0.889	Organic compounds; Organoheterocyclic compounds; Amino acids, peptides, and analogues; Alpha amino acids and derivatives; Macrolactams; Lactams; Pyrrolidines; Phenylpropanoids and polyketides; Organic acids and derivatives; Carboxylic acids and derivatives; Organonitrogen compounds; Organooxygen compounds; Amino acids and derivatives; Peptides; Carboxylic acid amides; Carboxylic acid derivatives; Monocarboxylic acids and derivatives; Carboxylic acids; Secondary carboxylic acid amides; Tertiary carboxylic acid amides; Carbonyl compounds; Cyclic peptides; Organic oxides; Azacyclic compounds; Hydrocarbon derivatives; Organopnictogen compounds; Organic oxygen compounds; Organic nitrogen compounds; Oligopeptides; Chemical entities	655.339	68	1.134	875205915824864214	875205243410823744	875205243406629439	924	
1	C26H47N7O9	[M + H]+	C26H48N7O9+	Amino acids and Peptides	1.000	Oligopeptides	0.911	Tripeptides	0.441	Organic acids and derivatives	1.000	Carboxylic acids and derivatives	1.000	Amino acids, peptides, and analogues	1.000	Peptides	0.999	Oligopeptides	0.925	Organic compounds; Organoheterocyclic compounds; Lipids and lipid-like molecules; Amino acids, peptides, and analogues; Alpha amino acids and derivatives; Alcohols and polyols; Pyrrolidines; Fatty acids and conjugates; Organic acids and derivatives; Carboxylic acids and derivatives; Organonitrogen compounds; Primary alcohols; Organooxygen compounds; Fatty amides; Branched fatty acids; Hydroxy fatty acids; Amino acids and derivatives; Peptides; Monoalkylamines; Carboxylic acid amides; Amino fatty acids; Carboxylic acid derivatives; N-acyl amines; Monocarboxylic acids and derivatives; N-acyl-alpha amino acids and derivatives; Carboxylic acids; Secondary alcohols; Secondary carboxylic acid amides; Tertiary carboxylic acid amides; Carbonyl compounds; Pyrrolidine carboxylic acids and derivatives; Heterocyclic fatty acids; Pyrrolidinecarboxamides; Alpha amino acid amides; N-acyl-alpha amino acids; Amines; Primary amines; N-acylpyrrolidines; Medium-chain fatty acids; Fatty Acyls; Organic oxides; Azacyclic compounds; N-acyl-L-alpha-amino acids; Hydrocarbon derivatives; Amino acids; Serine and derivatives; Proline and derivatives; Leucine and derivatives; Organopnictogen compounds; Organic oxygen compounds; Organic nitrogen compounds; Oligopeptides; Chemical entities	602.348	69	1.149	875205538836626290	875205242869758492	875205242861369883	2128	
5	C33H54N4O8	[M + K]+	C33H54KN4O8+	Amino acids and Peptides	0.810	Oligopeptides	0.997	Depsipeptides	0.375	Organic acids and derivatives	0.999	Peptidomimetics	0.765	Depsipeptides	0.464	Cyclic depsipeptides	0.601	Cyclic depsipeptides	0.601	Organic compounds; Organoheterocyclic compounds; Amino acids, peptides, and analogues; Lactones; Alpha amino acids and derivatives; Macrolactams; Alcohols and polyols; Macrolides and analogues; Lactams; Phenylpropanoids and polyketides; Organic acids and derivatives; Carboxylic acids and derivatives; Organonitrogen compounds; Organooxygen compounds; Amino acids and derivatives; Carboxylic acid amides; Carboxylic acid derivatives; Monocarboxylic acids and derivatives; Carboxylic acid esters; Secondary alcohols; Secondary carboxylic acid amides; Peptidomimetics; Carbonyl compounds; Macrolide lactams; Cyclic depsipeptides; Organic oxides; Azacyclic compounds; Oxacyclic compounds; Hydrocarbon derivatives; Organopnictogen compounds; Organic oxygen compounds; Organic nitrogen compounds; Chemical entities	673.350	71	1.177	875205506020391788	875205242534214152	875205242530019847	620	
1	C16H27N5O6	[M + H]+	C16H28N5O6+	Amino acids and Peptides	1.000	Small peptides	0.982	Tripeptides	0.991	Organic acids and derivatives	1.000	Carboxylic acids and derivatives	1.000	Amino acids, peptides, and analogues	0.998	Peptides	0.999	Oligopeptides	0.992	Organic compounds; Organoheterocyclic compounds; Lipids and lipid-like molecules; Amino acids, peptides, and analogues; Alpha amino acids and derivatives; Alcohols and polyols; Pyrrolidines; Fatty acids and conjugates; Organic acids and derivatives; Carboxylic acids and derivatives; Organonitrogen compounds; Primary alcohols; Organooxygen compounds; Fatty amides; Branched fatty acids; Hydroxy fatty acids; Amino acids and derivatives; Peptides; Guanidines; Monoalkylamines; Carboxylic acid amides; Amino fatty acids; Carboxylic acid derivatives; N-acyl amines; Monocarboxylic acids and derivatives; N-acyl-alpha amino acids and derivatives; Carboxylic acids; Secondary carboxylic acid amides; Carbonyl compounds; Pyrrolidine carboxylic acids and derivatives; Heterocyclic fatty acids; Pyrrolidinecarboxamides; Alpha amino acid amides; N-acyl-alpha amino acids; Amines; Primary amines; N-acylpyrrolidines; Medium-chain fatty acids; Carboximidamides; Organic 1,3-dipolar compounds; Propargyl-type 1,3-dipolar organic compounds; Fatty Acyls; Organic oxides; Azacyclic compounds; Hydrocarbon derivatives; Amino acids; Serine and derivatives; Proline and derivatives; Organopnictogen compounds; Organic oxygen compounds; Organic nitrogen compounds; Oligopeptides; Chemical entities	386.204	72	1.201	875206058632526867	875205243352103484	875205243347909179	1038	
6	C33H50FN3O6	[M + Na]+	C33H50FN3NaO6+	Amino acids and Peptides	0.973	Oligopeptides	0.855	Tripeptides	0.542	Organic acids and derivatives	0.999	Carboxylic acids and derivatives	0.998	Amino acids, peptides, and analogues	0.988	Peptides	0.884	Dipeptides	0.745	Organic compounds; Lipids and lipid-like molecules; Amino acids, peptides, and analogues; Alpha amino acids and derivatives; Organic acids and derivatives; Carboxylic acids and derivatives; Organohalogen compounds; Organonitrogen compounds; Organooxygen compounds; Fatty amides; Amino acids and derivatives; Peptides; Carboxylic acid amides; Carboxylic acid derivatives; N-acyl amines; Monocarboxylic acids and derivatives; N-acyl-alpha amino acids and derivatives; Organofluorides; Secondary carboxylic acid amides; Tertiary carboxylic acid amides; Peptidomimetics; Carbonyl compounds; Benzene and substituted derivatives; Alpha amino acid amides; Benzenoids; Fatty Acyls; Organic oxides; Hydrocarbon derivatives; Valine and derivatives; Organopnictogen compounds; Organic oxygen compounds; Organic nitrogen compounds; Dipeptides; Chemical entities	626.349	77	1.280	875206016265862157	875205243180137008	875205243180137007	1211	
2	C10H13N5	[M + H]+	C10H14N5+	Alkaloids	0.997	Pseudoalkaloids (transamidation)	0.997	Purine alkaloids	0.999	Organoheterocyclic compounds	1.000	Imidazopyrimidines	0.988	Purines and purine derivatives	0.988	6-aminopurines	0.941	6-alkylaminopurines	0.796	Organic compounds; Organoheterocyclic compounds; Pyrimidines and pyrimidine derivatives; Imidazoles; Purines and purine derivatives; Organonitrogen compounds; Azoles; Aminopyrimidines and derivatives; Diazines; Imidazopyrimidines; Amines; 6-aminopurines; 6-alkylaminopurines; Imidolactams; Azacyclic compounds; Heteroaromatic compounds; Hydrocarbon derivatives; Organopnictogen compounds; Organic nitrogen compounds; Chemical entities	204.124	78	1.299	875205705845422984	875205243918334564	875205243918334563	9317	
1	C15H29N3O6	[M + Na]+	C15H29N3NaO6+	Amino acids and Peptides	0.999	Small peptides	0.998	Tripeptides	0.998	Organic acids and derivatives	1.000	Carboxylic acids and derivatives	1.000	Amino acids, peptides, and analogues	0.997	Peptides	0.999	Oligopeptides	0.991	Organic compounds; Lipids and lipid-like molecules; Amino acids, peptides, and analogues; Alpha amino acids and derivatives; Alcohols and polyols; Fatty acids and conjugates; Organic acids and derivatives; Carboxylic acids and derivatives; Organonitrogen compounds; Primary alcohols; Organooxygen compounds; Fatty amides; Branched fatty acids; Hydroxy fatty acids; Amino acids and derivatives; Peptides; Monoalkylamines; Hydroxy acids and derivatives; Carboxylic acid amides; Carboxylic acid derivatives; N-acyl amines; Monocarboxylic acids and derivatives; N-acyl-alpha amino acids and derivatives; Carboxylic acids; Secondary carboxylic acid amides; Beta hydroxy acids and derivatives; Carbonyl compounds; Alpha amino acid amides; N-acyl-alpha amino acids; Amines; Primary amines; Fatty Acyls; Organic oxides; Hydrocarbon derivatives; Amino acids; Serine and derivatives; Leucine and derivatives; Isoleucine and derivatives; Organopnictogen compounds; Organic oxygen compounds; Organic nitrogen compounds; Oligopeptides; Chemical entities	370.191	79	1.313	875206740064320614	875205243712813652	875205243712813651	3299	
1	C15H22N2O3	[M + H]+	C15H23N2O3+	Amino acids and Peptides	1.000	Small peptides	1.000	Dipeptides	0.999	Organic acids and derivatives	1.000	Carboxylic acids and derivatives	1.000	Amino acids, peptides, and analogues	1.000	Peptides	0.988	Dipeptides	0.972	Organic compounds; Lipids and lipid-like molecules; Amino acids, peptides, and analogues; Alpha amino acids and derivatives; Phenethylamines; Amphetamines and derivatives; Phenylpropanoids and polyketides; Organic acids and derivatives; Carboxylic acids and derivatives; Organonitrogen compounds; Organooxygen compounds; Fatty amides; Amino acids and derivatives; Peptides; Monoalkylamines; Carboxylic acid amides; Carboxylic acid derivatives; N-acyl amines; Monocarboxylic acids and derivatives; N-acyl-alpha amino acids and derivatives; Carboxylic acids; Secondary carboxylic acid amides; Carbonyl compounds; Benzene and substituted derivatives; Alpha amino acid amides; N-acyl-alpha amino acids; Benzenoids; Amines; Primary amines; Phenylpropanoic acids; Fatty Acyls; Organic oxides; Hydrocarbon derivatives; Amino acids; Phenylalanine and derivatives; Leucine and derivatives; Organopnictogen compounds; Organic oxygen compounds; Organic nitrogen compounds; Dipeptides; Chemical entities	279.170	81	1.354	875206001799707635	875205241091373520	875205241066207695	3663	
2	C30H49N5O7	[M + Na]+	C30H49N5NaO7+	Amino acids and Peptides	0.998	Oligopeptides	0.999	Cyclic peptides	0.968	Organic acids and derivatives	1.000	Carboxylic acids and derivatives	0.999	Amino acids, peptides, and analogues	0.981	Peptides	0.952	Oligopeptides	0.845	Organic compounds; Organoheterocyclic compounds; Amino acids, peptides, and analogues; Alpha amino acids and derivatives; Macrolactams; Lactams; Phenylpropanoids and polyketides; Organic acids and derivatives; Carboxylic acids and derivatives; Organonitrogen compounds; Organooxygen compounds; Amino acids and derivatives; Peptides; Monoalkylamines; Carboxylic acid amides; Carboxylic acid derivatives; Monocarboxylic acids and derivatives; Carboxylic acids; Secondary carboxylic acid amides; Carbonyl compounds; Cyclic peptides; Primary amines; Organic oxides; Azacyclic compounds; Hydrocarbon derivatives; Amino acids; Organopnictogen compounds; Organic oxygen compounds; Organic nitrogen compounds; Oligopeptides; Chemical entities	614.349	82	1.373	875206238727552062	875205241770850784	875205241766656479	182	
6	C37H54N6O10	[M + H]+	C37H55N6O10+	Amino acids and Peptides	0.994	Oligopeptides	0.999	Cyclic peptides	0.971	Organic acids and derivatives	0.999	Carboxylic acids and derivatives	0.997	Amino acids, peptides, and analogues	0.944	Peptides	0.928	Oligopeptides	0.783	Organic compounds; Organoheterocyclic compounds; Amino acids, peptides, and analogues; Alpha amino acids and derivatives; Macrolactams; Alcohols and polyols; Lactams; Phenylpropanoids and polyketides; Organic acids and derivatives; Carboxylic acids and derivatives; Organonitrogen compounds; Organooxygen compounds; Amino acids and derivatives; Peptides; Carboxylic acid amides; Carboxylic acid derivatives; Monocarboxylic acids and derivatives; Carboxylic acids; Secondary carboxylic acid amides; Carbonyl compounds; Cyclic peptides; Organic oxides; Azacyclic compounds; Hydrocarbon derivatives; Organopnictogen compounds; Organic oxygen compounds; Organic nitrogen compounds; Oligopeptides; Chemical entities	743.391	94	1.565	875206001883593731	875205241942817256	875205241942817255	164	
1	C21H40N8O7	[M + Na]+	C21H40N8NaO7+	Amino acids and Peptides	1.000	Small peptides	0.966	Tripeptides	0.994	Organic acids and derivatives	1.000	Carboxylic acids and derivatives	1.000	Amino acids, peptides, and analogues	0.998	Peptides	1.000	Oligopeptides	0.988	Organic compounds; Lipids and lipid-like molecules; Amino acids, peptides, and analogues; Alpha amino acids and derivatives; Alcohols and polyols; Fatty acids and conjugates; Organic acids and derivatives; Carboxylic acids and derivatives; Organonitrogen compounds; Organooxygen compounds; Fatty amides; Branched fatty acids; Amino acids and derivatives; Peptides; Guanidines; Monoalkylamines; Carboxylic acid amides; Carboxylic acid derivatives; N-acyl amines; Monocarboxylic acids and derivatives; N-acyl-alpha amino acids and derivatives; Carboxylic acids; Primary carboxylic acid amides; Secondary carboxylic acid amides; Carbonyl compounds; Alpha amino acid amides; N-acyl-alpha amino acids; Amines; Primary amines; Carboximidamides; Organic 1,3-dipolar compounds; Propargyl-type 1,3-dipolar organic compounds; Fatty Acyls; Organic oxides; Hydrocarbon derivatives; Amino acids; Valine and derivatives; Asparagine and derivatives; Leucine and derivatives; Isoleucine and derivatives; Organopnictogen compounds; Organic oxygen compounds; Organic nitrogen compounds; Oligopeptides; Chemical entities	539.290	97	1.612	875206892778929264	875205243062696488	875205243062696487	1930	
1	C18H35N3O4	[M + H]+	C18H36N3O4+	Amino acids and Peptides	1.000	Small peptides	0.999	Tripeptides	1.000	Organic acids and derivatives	1.000	Carboxylic acids and derivatives	1.000	Amino acids, peptides, and analogues	0.999	Peptides	0.999	Oligopeptides	0.996	Organic compounds; Lipids and lipid-like molecules; Amino acids, peptides, and analogues; Alpha amino acids and derivatives; Fatty acids and conjugates; Organic acids and derivatives; Carboxylic acids and derivatives; Organonitrogen compounds; Organooxygen compounds; Fatty amides; Branched fatty acids; Amino acids and derivatives; Peptides; Monoalkylamines; Carboxylic acid amides; Carboxylic acid derivatives; N-acyl amines; Monocarboxylic acids and derivatives; N-acyl-alpha amino acids and derivatives; Carboxylic acids; Secondary carboxylic acid amides; Carbonyl compounds; Alpha amino acid amides; N-acyl-alpha amino acids; Amines; Primary amines; Methyl-branched fatty acids; Fatty Acyls; Organic oxides; Hydrocarbon derivatives; Amino acids; Leucine and derivatives; Isoleucine and derivatives; Organopnictogen compounds; Organic oxygen compounds; Organic nitrogen compounds; Oligopeptides; Chemical entities	358.269	111	1.858	875205373199367006	875205241686964700	875205241682770395	1589	
1	C41H52N6O9	[M + H]+	C41H53N6O9+	Amino acids and Peptides	0.996	Oligopeptides	0.999	Cyclic peptides	0.958	Organic acids and derivatives	1.000	Carboxylic acids and derivatives	1.000	Amino acids, peptides, and analogues	0.999	Peptides	0.971	Oligopeptides	0.919	Organic compounds; Organoheterocyclic compounds; Amino acids, peptides, and analogues; Alpha amino acids and derivatives; Macrolactams; Pyrroles; Phenols; Lactams; Indoles and derivatives; Pyrrolidines; Phenylpropanoids and polyketides; Organic acids and derivatives; Carboxylic acids and derivatives; Organonitrogen compounds; Organooxygen compounds; Amino acids and derivatives; Peptides; Carboxylic acid amides; Carboxylic acid derivatives; Monocarboxylic acids and derivatives; N-acyl-alpha amino acids and derivatives; Carboxylic acids; Secondary carboxylic acid amides; Tertiary carboxylic acid amides; Carbonyl compounds; Pyrrolidine carboxylic acids and derivatives; Cyclic peptides; Substituted pyrroles; Benzene and substituted derivatives; Alpha amino acid amides; N-acyl-alpha amino acids; Benzenoids; Indoles; N-acylpyrrolidines; Organic oxides; Azacyclic compounds; Heteroaromatic compounds; Hydrocarbon derivatives; 3-alkylindoles; Proline and derivatives; Organopnictogen compounds; Organic oxygen compounds; 1-hydroxy-2-unsubstituted benzenoids; Organic nitrogen compounds; Oligopeptides; Chemical entities	773.381	115	1.921	875206406440991815	875205242098006512	875205242098006511	345	
8	C41H57N3O10	[M + Na]+	C41H57N3NaO10+	Amino acids and Peptides	0.933	Oligopeptides	0.993	Cyclic peptides	0.709	Organic acids and derivatives	0.999	Carboxylic acids and derivatives	0.997	Amino acids, peptides, and analogues	0.985	Peptides	0.840	Oligopeptides	0.686	Organic compounds; Organoheterocyclic compounds; Amino acids, peptides, and analogues; Alpha amino acids and derivatives; Macrolactams; Lactams; Pyrrolidines; Phenylpropanoids and polyketides; Organic acids and derivatives; Carboxylic acids and derivatives; Organonitrogen compounds; Organooxygen compounds; Amino acids and derivatives; Peptides; Carboxylic acid amides; Carboxylic acid derivatives; Monocarboxylic acids and derivatives; N-acyl-alpha amino acids and derivatives; Carboxylic acids; Secondary carboxylic acid amides; Tertiary carboxylic acid amides; Carbonyl compounds; Cyclic peptides; Benzene and substituted derivatives; Benzenoids; Organic oxides; Azacyclic compounds; Oxacyclic compounds; Hydrocarbon derivatives; Organopnictogen compounds; Organic oxygen compounds; Organic nitrogen compounds; Oligopeptides; Chemical entities	774.385	119	1.975	875205995642469350	875205242727152148	875205242727152147	848	
6	C36H63N11O8	[M + Na]+	C36H63N11NaO8+	Amino acids and Peptides	1.000	Oligopeptides	0.998	Tripeptides	0.271	Organic acids and derivatives	1.000	Carboxylic acids and derivatives	1.000	Amino acids, peptides, and analogues	1.000	Peptides	0.999	Oligopeptides	0.961	Organic compounds; Organoheterocyclic compounds; Lipids and lipid-like molecules; Amino acids, peptides, and analogues; Alpha amino acids and derivatives; Pyrroles; Tryptamines and derivatives; Indoles and derivatives; Pyrrolidines; Fatty acids and conjugates; Organic acids and derivatives; Carboxylic acids and derivatives; Organonitrogen compounds; Organooxygen compounds; Fatty amides; Amino acids and derivatives; Peptides; Monoalkylamines; Carboxylic acid amides; Amino fatty acids; Carboxylic acid derivatives; N-acyl amines; Monocarboxylic acids and derivatives; N-acyl-alpha amino acids and derivatives; Carboxylic acids; Secondary carboxylic acid amides; Tertiary carboxylic acid amides; Carbonyl compounds; Pyrrolidine carboxylic acids and derivatives; Heterocyclic fatty acids; Pyrrolidinecarboxamides; Substituted pyrroles; Alpha amino acid amides; N-acyl-alpha amino acids; Benzenoids; Amines; Primary amines; Indoles; N-acylpyrrolidines; Medium-chain fatty acids; Fatty Acyls; Organic oxides; Azacyclic compounds; Heteroaromatic compounds; Hydrocarbon derivatives; Amino acids; 3-alkylindoles; Proline and derivatives; Isoleucine and derivatives; Organopnictogen compounds; Organic oxygen compounds; Organic nitrogen compounds; Oligopeptides; Chemical entities	800.465	123	2.048	875206469284248662	875205241418529236	875205241410140627	14095	
4	C36H61N13O11	[M + K]+	C36H61KN13O11+	Amino acids and Peptides	1.000	Oligopeptides	1.000	Cyclic peptides	0.955	Organic acids and derivatives	1.000	Carboxylic acids and derivatives	1.000	Amino acids, peptides, and analogues	0.996	Peptides	0.983	Oligopeptides	0.745	Organic compounds; Organoheterocyclic compounds; Lipids and lipid-like molecules; Amino acids, peptides, and analogues; Alpha amino acids and derivatives; Macrolactams; Pyrroles; Tryptamines and derivatives; Indoles and derivatives; Phenylpropanoids and polyketides; Organic acids and derivatives; Carboxylic acids and derivatives; Organonitrogen compounds; Organooxygen compounds; Fatty amides; Amino acids and derivatives; Peptides; Monoalkylamines; Carboxylic acid amides; Carboxylic acid derivatives; N-acyl amines; Monocarboxylic acids and derivatives; N-acyl-alpha amino acids and derivatives; Carboxylic acids; Primary carboxylic acid amides; Secondary carboxylic acid amides; Carbonyl compounds; Substituted pyrroles; Alpha amino acid amides; Benzenoids; Primary amines; Indoles; Fatty Acyls; Organic oxides; Azacyclic compounds; Heteroaromatic compounds; Hydrocarbon derivatives; Amino acids; 3-alkylindoles; Organopnictogen compounds; Organic oxygen compounds; Organic nitrogen compounds; Oligopeptides; Chemical entities	890.413	142	2.359	875205864721464260	875205242794261016	875205242790066711	1262	
6	C20H39N5O11	[M + H]+	C20H40N5O11+	Amino acids and Peptides	0.973	Oligopeptides	0.704	Tripeptides	0.630	Organic acids and derivatives	0.998	Carboxylic acids and derivatives	0.997	Amino acids, peptides, and analogues	0.987	Peptides	0.945	Oligopeptides	0.765	Organic compounds; Lipids and lipid-like molecules; Amino acids, peptides, and analogues; Alpha amino acids and derivatives; Alcohols and polyols; Fatty acids and conjugates; Organic acids and derivatives; Carboxylic acids and derivatives; Organonitrogen compounds; Organooxygen compounds; Fatty amides; Branched fatty acids; Hydroxy fatty acids; Amino acids and derivatives; Peptides; Monoalkylamines; Carboxylic acid amides; Carboxylic acid derivatives; N-acyl amines; N-acyl-alpha amino acids and derivatives; Carboxylic acids; Secondary alcohols; Secondary carboxylic acid amides; Carbonyl compounds; Alpha amino acid amides; N-acyl-alpha amino acids; Amines; Primary amines; Fatty Acyls; Organic oxides; Hydrocarbon derivatives; Amino acids; Valine and derivatives; Organopnictogen compounds; Organic oxygen compounds; Organic nitrogen compounds; Oligopeptides; Chemical entities	526.274	146	2.436	875206086394625059	875205243868002912	875205243868002911	5872	
1	C33H57N7O8	[M + H]+	C33H58N7O8+	Amino acids and Peptides	1.000	Small peptides	0.789	Tripeptides	0.502	Organic acids and derivatives	1.000	Carboxylic acids and derivatives	1.000	Amino acids, peptides, and analogues	1.000	Peptides	1.000	Oligopeptides	0.974	Organic compounds; Organoheterocyclic compounds; Lipids and lipid-like molecules; Amino acids, peptides, and analogues; Alpha amino acids and derivatives; Pyrrolidines; Fatty acids and conjugates; Organic acids and derivatives; Carboxylic acids and derivatives; Organonitrogen compounds; Organooxygen compounds; Fatty amides; Branched fatty acids; Amino acids and derivatives; Peptides; Monoalkylamines; Carboxylic acid amides; Carboxylic acid derivatives; N-acyl amines; Monocarboxylic acids and derivatives; N-acyl-alpha amino acids and derivatives; Carboxylic acids; Primary carboxylic acid amides; Secondary carboxylic acid amides; Tertiary carboxylic acid amides; Carbonyl compounds; Pyrrolidine carboxylic acids and derivatives; Heterocyclic fatty acids; Pyrrolidinecarboxamides; Alpha amino acid amides; N-acyl-alpha amino acids; Amines; Primary amines; N-acylpyrrolidines; Fatty Acyls; Organic oxides; Azacyclic compounds; Hydrocarbon derivatives; Amino acids; Valine and derivatives; Proline and derivatives; Leucine and derivatives; Isoleucine and derivatives; Organopnictogen compounds; Organic oxygen compounds; Organic nitrogen compounds; Oligopeptides; Chemical entities	680.432	149	2.487	875205999039855593	875205244966910648	875205244966910647	6752	
1	C14H24N6O7	[M + H]+	C14H25N6O7+	Carbohydrates	0.899	Nucleosides	0.627	Purine nucleosides	0.258	Organic acids and derivatives	0.986	Carboxylic acids and derivatives	0.953	Amino acids, peptides, and analogues	0.916	Amino acids and derivatives	0.912	Alpha amino acids and derivatives	0.806	Organic compounds; Organoheterocyclic compounds; Carbohydrates and carbohydrate conjugates; Lipids and lipid-like molecules; Amino acids, peptides, and analogues; Alpha amino acids and derivatives; Alcohols and polyols; Organic acids and derivatives; Carboxylic acids and derivatives; Organonitrogen compounds; Organooxygen compounds; Amino acids and derivatives; Monoalkylamines; Carboxylic acid derivatives; Monocarboxylic acids and derivatives; Carboxylic acid esters; Carbonyl compounds; Amines; Primary amines; Fatty Acyls; Organic oxides; Hydrocarbon derivatives; Organopnictogen compounds; Organic oxygen compounds; Organic nitrogen compounds; Chemical entities	389.177	181	3.023	875206096188324905	875205246200036124	875205246195841819	21889	
2	C14H27N3O2	[M + Na]+	C14H27N3NaO2+	Amino acids and Peptides	0.955	Small peptides	0.910	Dipeptides	0.677	Organic acids and derivatives	0.999	Carboxylic acids and derivatives	0.995	Amino acids, peptides, and analogues	0.976	Amino acids and derivatives	0.975	Alpha amino acid amides	0.511	Organic compounds; Organoheterocyclic compounds; Amino acids, peptides, and analogues; Alpha amino acids and derivatives; Lactams; Piperazines; Organic acids and derivatives; Carboxylic acids and derivatives; Organonitrogen compounds; Organooxygen compounds; Amino acids and derivatives; Carboxylic acid amides; Carboxylic acid derivatives; Secondary carboxylic acid amides; Tertiary carboxylic acid amides; Dioxopiperazines; Carbonyl compounds; Alpha amino acid amides; Diazinanes; Amines; N-alkylpiperazines; 2,5-dioxopiperazines; Organic oxides; Azacyclic compounds; Hydrocarbon derivatives; Organopnictogen compounds; Organic oxygen compounds; Organic nitrogen compounds; Chemical entities	292.201	182	3.036	875206109467491380	875205242597128716	875205242597128715	5121	
3	C30H47N5O9	[M + K]+	C30H47KN5O9+	Amino acids and Peptides	1.000	Oligopeptides	0.995	Tripeptides	0.133	Organic acids and derivatives	1.000	Carboxylic acids and derivatives	1.000	Amino acids, peptides, and analogues	1.000	Peptides	0.994	Oligopeptides	0.891	Organic compounds; Lipids and lipid-like molecules; Amino acids, peptides, and analogues; Alpha amino acids and derivatives; Alcohols and polyols; Phenols; Phenethylamines; Amphetamines and derivatives; Phenylpropanoids and polyketides; Organic acids and derivatives; Carboxylic acids and derivatives; Organonitrogen compounds; Organooxygen compounds; Fatty amides; Amino acids and derivatives; Peptides; Monoalkylamines; Carboxylic acid amides; Carboxylic acid derivatives; N-acyl amines; Monocarboxylic acids and derivatives; N-acyl-alpha amino acids and derivatives; Carboxylic acids; Secondary alcohols; Secondary carboxylic acid amides; Carbonyl compounds; Benzene and substituted derivatives; Alpha amino acid amides; N-acyl-alpha amino acids; Benzenoids; Amines; Primary amines; Fatty Acyls; Organic oxides; Hydrocarbon derivatives; Amino acids; Valine and derivatives; Tyrosine and derivatives; Phenylalanine and derivatives; Isoleucine and derivatives; Organopnictogen compounds; Organic oxygen compounds; 1-hydroxy-2-unsubstituted benzenoids; Organic nitrogen compounds; Oligopeptides; Chemical entities	660.302	216	3.607	875207462268943530	875205245621222124	875205245621222123	19967	
5	C30H35N3O3	[M + H]+	C30H36N3O3+	Alkaloids	0.860	Tryptophan alkaloids	0.404	Acridone alkaloids	0.063	Organic acids and derivatives	0.952	Carboxylic acids and derivatives	0.933	Amino acids, peptides, and analogues	0.874	Amino acids and derivatives	0.869	Alpha amino acids and derivatives	0.666	Organic compounds; Organoheterocyclic compounds; Amino acids, peptides, and analogues; Alpha amino acids and derivatives; Pyrroles; Lactams; Indoles and derivatives; Organic acids and derivatives; Carboxylic acids and derivatives; Organonitrogen compounds; Organooxygen compounds; Amino acids and derivatives; Carboxylic acid amides; Carboxylic acid derivatives; Tertiary carboxylic acid amides; Carbonyl compounds; Trialkylamines; Benzene and substituted derivatives; Benzenoids; Amines; Tertiary amines; Indoles; N-alkylpiperazines; Aralkylamines; Organic oxides; Azacyclic compounds; Heteroaromatic compounds; Hydrocarbon derivatives; 3-alkylindoles; Organopnictogen compounds; Organic oxygen compounds; Organic nitrogen compounds; Chemical entities	486.281	217	3.624	875207463040695478	875205245432478428	875205245432478427	4642	
1	C16H23N5O4S	[M + H]+	C16H24N5O4S+	Carbohydrates	0.995	Nucleosides	0.998	Purine nucleosides	0.997	Nucleosides, nucleotides, and analogues	0.995	Purine nucleosides	0.930					Purine nucleosides	0.930	Organic compounds; Organoheterocyclic compounds; Organosulfur compounds; Carbohydrates and carbohydrate conjugates; Pyrimidines and pyrimidine derivatives; Imidazoles; Alcohols and polyols; Purines and purine derivatives; Organonitrogen compounds; Primary alcohols; Nucleosides, nucleotides, and analogues; Organooxygen compounds; Azoles; Purine nucleosides; Thioethers; Aminopyrimidines and derivatives; Diazines; Pentoses; Monosaccharides; Secondary alcohols; Imidazopyrimidines; Glycosyl compounds; Glycosylamines; Substituted imidazoles; N-substituted imidazoles; Amines; Primary amines; Tetrahydrofurans; 6-aminopurines; Sulfenyl compounds; 6-alkylaminopurines; Imidolactams; Azacyclic compounds; Oxacyclic compounds; Heteroaromatic compounds; Hydrocarbon derivatives; Organopnictogen compounds; Organic oxygen compounds; Organic nitrogen compounds; Chemical entities	382.153	222	3.698	875207275806964873	875205246212619044	875205246212619043	20766	
6	C26H43NO7S	[M + H]+	C26H44NO7S+	Terpenoids	0.993	Steroids	0.993	Cholane steroids	0.983	Lipids and lipid-like molecules	0.999	Steroids and steroid derivatives	0.998	Bile acids, alcohols and derivatives	0.993	Taurinated bile acids and derivatives	0.874	Taurinated bile acids and derivatives	0.874	Organic compounds; Organosulfur compounds; Lipids and lipid-like molecules; Alcohols and polyols; Steroids and steroid derivatives; Organic acids and derivatives; Carboxylic acids and derivatives; Organosulfonic acids and derivatives; Organonitrogen compounds; Organooxygen compounds; Fatty amides; Carboxylic acid amides; Carboxylic acid derivatives; N-acyl amines; Trihydroxy bile acids, alcohols and derivatives; Sulfonyls; Taurinated bile acids and derivatives; Organosulfonic acids; Cyclic alcohols and derivatives; Hydroxysteroids; Bile acids, alcohols and derivatives; Secondary alcohols; Secondary carboxylic acid amides; Carbonyl compounds; Hydroxy bile acids, alcohols and derivatives; Polyols; 3-hydroxysteroids; Alkanesulfonic acids and derivatives; 7-hydroxysteroids; 12-hydroxysteroids; Alkanesulfonic acids; Fatty Acyls; Organic oxides; Hydrocarbon derivatives; Organic sulfonic acids and derivatives; Organopnictogen compounds; Organic oxygen compounds; Organic nitrogen compounds; Chemical entities	514.282	228	3.793	875207458787671203	875205245067573952	875205245063379647	3287	
5	C18H34O9	[M + Na]+	C18H34NaO9+	Fatty acids	0.847	Fatty acyl glycosides	0.863	Fatty acyl glycosides of mono- and disaccharides	0.781	Lipids and lipid-like molecules	0.936	Fatty Acyls	0.876	Fatty acyl glycosides	0.504			Fatty acyl glycosides	0.504	Organic compounds; Organoheterocyclic compounds; Carbohydrates and carbohydrate conjugates; Lipids and lipid-like molecules; Alcohols and polyols; Ethers; Organic acids and derivatives; Carboxylic acids and derivatives; Primary alcohols; Organooxygen compounds; Monocarboxylic acids and derivatives; Carboxylic acid esters; Hexoses; Monosaccharides; Acetals; Secondary alcohols; Fatty acyl glycosides; Carbonyl compounds; Oxanes; Glycosyl compounds; O-glycosyl compounds; Polyols; Fatty Acyls; Organic oxides; Oxacyclic compounds; Hydrocarbon derivatives; Organic oxygen compounds; Chemical entities	417.208	233	3.882	875207355234499736	875205245289872080	875205245289872079	7038	
1	C20H38N6O7	[M + H]+	C20H39N6O7+	Amino acids and Peptides	0.966	Small peptides	0.649	Linear peptides	0.533	Organic acids and derivatives	0.989	Carboxylic acids and derivatives	0.971	Amino acids, peptides, and analogues	0.899	Peptides	0.704	Peptides	0.704	Organic compounds; Lipids and lipid-like molecules; Amino acids, peptides, and analogues; Alpha amino acids and derivatives; Organic acids and derivatives; Carboxylic acids and derivatives; Organonitrogen compounds; Organooxygen compounds; Fatty amides; Amino acids and derivatives; Peptides; Hydroxamic acids; Monoalkylamines; Carboxylic acid amides; Carboxylic acid derivatives; N-acyl amines; N-acyl-alpha amino acids and derivatives; Carboxylic acids; Primary carboxylic acid amides; Secondary carboxylic acid amides; Carbonyl compounds; Benzene and substituted derivatives; Alpha amino acid amides; Benzenoids; Amines; Primary amines; Fatty Acyls; Organic oxides; Hydrocarbon derivatives; Organopnictogen compounds; Organic oxygen compounds; Organic nitrogen compounds; Chemical entities	475.286	233	3.890	875207502295186622	875205246208424736	875205246204230431	15416	
2	C21H41NO4	[M + K]+	C21H41KNO4+	Fatty acids	0.998	Fatty amides	0.993	N-acyl amines	0.979	Organic acids and derivatives	1.000	Carboxylic acids and derivatives	1.000	Amino acids, peptides, and analogues	0.971	Amino acids and derivatives	0.971	N-acyl-alpha amino acids	0.961	Organic compounds; Lipids and lipid-like molecules; Amino acids, peptides, and analogues; Alpha amino acids and derivatives; Alcohols and polyols; Organic acids and derivatives; Carboxylic acids and derivatives; Organonitrogen compounds; Organooxygen compounds; Fatty amides; Amino acids and derivatives; Carboxylic acid amides; Carboxylic acid derivatives; N-acyl amines; Monocarboxylic acids and derivatives; N-acyl-alpha amino acids and derivatives; Carboxylic acids; Secondary alcohols; Secondary carboxylic acid amides; Carbonyl compounds; N-acyl-alpha amino acids; Fatty Acyls; Organic oxides; Hydrocarbon derivatives; Organopnictogen compounds; Organic oxygen compounds; Organic nitrogen compounds; Chemical entities	410.268	234	3.905	875207736509316333	875205246099372820	875205246095178515	11328	
1	C11H24N2O6	[M + H]+	C11H25N2O6+	Amino acids and Peptides	0.997	Small peptides	0.996	Dipeptides	0.874	Organic acids and derivatives	1.000	Carboxylic acids and derivatives	1.000	Amino acids, peptides, and analogues	0.998	Peptides	0.846	Dipeptides	0.553	Organic compounds; Lipids and lipid-like molecules; Amino acids, peptides, and analogues; Alpha amino acids and derivatives; Fatty acids and conjugates; Organic acids and derivatives; Carboxylic acids and derivatives; Organonitrogen compounds; Organooxygen compounds; Fatty amides; Branched fatty acids; Dicarboxylic acids and derivatives; Amino acids and derivatives; Peptides; Monoalkylamines; Carboxylic acid amides; Carboxylic acid derivatives; N-acyl amines; Monocarboxylic acids and derivatives; N-acyl-alpha amino acids and derivatives; Carboxylic acids; Secondary carboxylic acid amides; Carbonyl compounds; Alpha amino acid amides; N-acyl-alpha amino acids; Alpha amino acids; Amines; Primary amines; Methyl-branched fatty acids; Fatty Acyls; Organic oxides; Hydrocarbon derivatives; Amino acids; Organopnictogen compounds; Organic oxygen compounds; Organic nitrogen compounds; Dipeptides; Chemical entities	281.171	238	3.967	875207579055144150	875205243968666216	875205243964471911	9974	
1	C16H16	[M + H]+	C16H17+	Terpenoids	0.969	Sesquiterpenoids	0.515	Guaiane sesquiterpenoids	0.027	Lipids and lipid-like molecules	0.494	Prenol lipids	0.495	Sesquiterpenoids	0.353	Guaianes	0.684	Guaianes	0.684	Organic compounds; Azulenes; Benzenoids; Hydrocarbons; Olefins; Cyclic olefins; Guaianes; Polycyclic hydrocarbons; Unsaturated hydrocarbons; Aromatic hydrocarbons; Branched unsaturated hydrocarbons; Chemical entities	209.132	241	4.016	875207576387566796	875205243821865564	875205243817671259	2132	
1	C16H18O	[M + H]+	C16H19O+	Terpenoids	0.926	Sesquiterpenoids	0.609	Bisabolane sesquiterpenoids	0.040	Benzenoids	0.588							Benzenoids	0.588	Organic compounds; Lipids and lipid-like molecules; Ketones; Prenol lipids; Organooxygen compounds; Carbonyl compounds; Benzenoids; Organic oxides; Hydrocarbon derivatives; Organic oxygen compounds; Chemical entities	227.143	241	4.016	875207591482866913	875205244643949212	875205244643949211	2706	
1	C17H20	[M + H]+	C17H21+	Terpenoids	0.998	Sesquiterpenoids	0.821	Guaiane sesquiterpenoids	0.177	Lipids and lipid-like molecules	0.894	Prenol lipids	0.826	Sesquiterpenoids	0.678	Guaianes	0.918	Guaianes	0.918	Organic compounds; Lipids and lipid-like molecules; Prenol lipids; Azulenes; Sesquiterpenoids; Hydrocarbons; Olefins; Cyclic olefins; Guaianes; Polycyclic hydrocarbons; Unsaturated hydrocarbons; Aromatic hydrocarbons; Branched unsaturated hydrocarbons; Chemical entities	225.163	243	4.044	875207746927967478	875205245520558820	875205245520558819	7265	
10	C59H79NO9	[M + K]+	C59H79KNO9+	Polyketides	0.574	Macrolides	0.887	Polyene macrolides	0.479	Lipids and lipid-like molecules	0.564							Lipids and lipid-like molecules	0.564	Organic compounds; Organoheterocyclic compounds; Lipids and lipid-like molecules; Ketones; Alcohols and polyols; Ethers; Organic acids and derivatives; Carboxylic acids and derivatives; Organonitrogen compounds; Organooxygen compounds; Carboxylic acid derivatives; Dialkyl ethers; Carboxylic acid esters; Secondary alcohols; Carbonyl compounds; Organic oxides; Azacyclic compounds; Oxacyclic compounds; Hydrocarbon derivatives; Organopnictogen compounds; Organic oxygen compounds; Organic nitrogen compounds; Chemical entities	984.532	243	4.052	875208230090831686	875205245856103168	875205245851908863	7461	
2	C21H37N7O4	[M + H]+	C21H38N7O4+	Amino acids and Peptides	0.965	Small peptides	0.832	Tripeptides	0.518	Organic acids and derivatives	0.966	Carboxylic acids and derivatives	0.946	Amino acids, peptides, and analogues	0.895	Amino acids and derivatives	0.882	N-acyl-alpha amino acids and derivatives	0.749	Organic compounds; Lipids and lipid-like molecules; Amino acids, peptides, and analogues; Alpha amino acids and derivatives; Organic acids and derivatives; Carboxylic acids and derivatives; Organonitrogen compounds; Organooxygen compounds; Fatty amides; Amino acids and derivatives; Guanidines; Carboxylic acid amides; Carboxylic acid derivatives; N-acyl amines; N-acyl-alpha amino acids and derivatives; Secondary carboxylic acid amides; Carbonyl compounds; Alpha amino acid amides; Amines; Carboximidamides; Fatty Acyls; Acetamides; Organic oxides; Hydrocarbon derivatives; Organopnictogen compounds; Organic oxygen compounds; Organic nitrogen compounds; Chemical entities	452.297	243	4.052	875207859347898842	875205246049041168	875205246044846863	14446	
2	C19H39N5O9	[M + Na]+	C19H39N5NaO9+	Amino acids and Peptides	0.312	Oligopeptides	0.595	Polyamines	0.398	Organic acids and derivatives	0.994	Carboxylic acids and derivatives	0.986	Amino acids, peptides, and analogues	0.621	Amino acids and derivatives	0.602	Amino acids and derivatives	0.602	Organic compounds; Lipids and lipid-like molecules; Amino acids, peptides, and analogues; Alcohols and polyols; Fatty acids and conjugates; Organic acids and derivatives; Carboxylic acids and derivatives; Organonitrogen compounds; Organooxygen compounds; Fatty amides; Hydroxy fatty acids; Amino acids and derivatives; Hydroxamic acids; Monoalkylamines; Hydroxy acids and derivatives; Carboxylic acid amides; Carboxylic acid derivatives; N-acyl amines; Monocarboxylic acids and derivatives; Carboxylic acids; Primary carboxylic acid amides; Secondary carboxylic acid amides; Carbonyl compounds; Amines; Primary amines; Acetohydroxamic acids; Fatty Acyls; Acetamides; Organic oxides; Hydrocarbon derivatives; Organopnictogen compounds; Organic oxygen compounds; Organic nitrogen compounds; Chemical entities	504.270	244	4.061	875207898451395286	875205245902240516	875205245898046211	8322	
5	C10H19N3O4	[M + K]+	C10H19KN3O4+	Amino acids and Peptides	0.992	Small peptides	0.992	Dipeptides	0.796	Organic acids and derivatives	1.000	Carboxylic acids and derivatives	1.000	Amino acids, peptides, and analogues	0.998	Peptides	0.923	Dipeptides	0.670	Organic compounds; Lipids and lipid-like molecules; Amino acids, peptides, and analogues; Alpha amino acids and derivatives; Fatty acids and conjugates; Organic acids and derivatives; Carboxylic acids and derivatives; Organonitrogen compounds; Organooxygen compounds; Amino acids and derivatives; Peptides; Monoalkylamines; Carboxylic acid amides; Carboxylic acid derivatives; Monocarboxylic acids and derivatives; N-acyl-alpha amino acids and derivatives; Carboxylic acids; Secondary carboxylic acid amides; Carbonyl compounds; Alpha amino acid amides; N-acyl-alpha amino acids; Amines; Primary amines; Fatty Acyls; Organic oxides; Hydrocarbon derivatives; Amino acids; Alanine and derivatives; Organopnictogen compounds; Organic oxygen compounds; Organic nitrogen compounds; Dipeptides; Chemical entities	284.102	246	4.105	875207887479095872	875205244690086560	875205244690086559	2826	
3	C22H37N5O10	[M + Na]+	C22H37N5NaO10+	Amino acids and Peptides	0.824	Oligopeptides	0.941	Linear peptides	0.777	Organic acids and derivatives	0.997	Carboxylic acids and derivatives	0.987	Amino acids, peptides, and analogues	0.816	Amino acids and derivatives	0.784	N-acyl-alpha amino acids and derivatives	0.582	Organic compounds; Lipids and lipid-like molecules; Amino acids, peptides, and analogues; Alpha amino acids and derivatives; Alcohols and polyols; Organic acids and derivatives; Carboxylic acids and derivatives; Organonitrogen compounds; Primary alcohols; Organooxygen compounds; Fatty amides; Amino acids and derivatives; Hydroxamic acids; Carboxylic acid amides; Carboxylic acid derivatives; N-acyl amines; N-acyl-alpha amino acids and derivatives; Primary carboxylic acid amides; Secondary carboxylic acid amides; Carbonyl compounds; Acetohydroxamic acids; Fatty Acyls; Organic oxides; Hydrocarbon derivatives; Organopnictogen compounds; Organic oxygen compounds; Organic nitrogen compounds; Chemical entities	554.244	248	4.130	875207922816119932	875205245759634168	875205245759634167	8685	
1	C12H18O	[M + H]+	C12H19O+	Terpenoids	0.968	Monoterpenoids	0.751	Pinane monoterpenoids	0.337	Lipids and lipid-like molecules	0.627	Prenol lipids	0.693	Monoterpenoids	0.552			Monoterpenoids	0.552	Organic compounds; Lipids and lipid-like molecules; Ketones; Prenol lipids; Organooxygen compounds; Monoterpenoids; Carbonyl compounds; Cyclic ketones; Organic oxides; Hydrocarbon derivatives; Organic oxygen compounds; Chemical entities	179.142	255	4.243	875207895385359016	875205244736223908	875205244732029603	10991	
1	C12H16	[M + H]+	C12H17+	Terpenoids	0.982	Sesquiterpenoids	0.929	Caryophyllane sesquiterpenoids	0.195	Lipids and lipid-like molecules	0.593	Prenol lipids	0.586					Prenol lipids	0.586	Organic compounds; Lipids and lipid-like molecules; Prenol lipids; Hydrocarbons; Olefins; Cyclic olefins; Polycyclic hydrocarbons; Unsaturated hydrocarbons; Unsaturated aliphatic hydrocarbons; Branched unsaturated hydrocarbons; Chemical entities	161.132	255	4.252	875207900837954900	875205245386341080	875205245386341079	20252	
2	C12H20O2	[M + H]+	C12H21O2+	Fatty acids	0.874	Fatty Acids and Conjugates	0.432	Unsaturated fatty acids	0.530	Lipids and lipid-like molecules	0.646							Lipids and lipid-like molecules	0.646	Organic compounds; Lipids and lipid-like molecules; Organic acids and derivatives; Carboxylic acids and derivatives; Organooxygen compounds; Monocarboxylic acids and derivatives; Carbonyl compounds; Organic oxides; Hydrocarbon derivatives; Organic oxygen compounds; Chemical entities	197.153	255	4.255	875207907917951210	875205245998709516	875205245994515211	29958	
3	C24H44O11	[M + Na]+	C24H44NaO11+	Fatty acids	0.937	Fatty acyl glycosides	0.954	Fatty acyl glycosides of mono- and disaccharides	0.558	Lipids and lipid-like molecules	0.897	Fatty Acyls	0.850	Fatty acyl glycosides	0.620	Alkyl glycosides	0.571	Alkyl glycosides	0.571	Organic compounds; Organoheterocyclic compounds; Carbohydrates and carbohydrate conjugates; Lipids and lipid-like molecules; Alcohols and polyols; Ethers; Organic acids and derivatives; Carboxylic acids and derivatives; Organooxygen compounds; Fatty acid esters; Carboxylic acid derivatives; Carboxylic acid esters; Monosaccharides; Acetals; Secondary alcohols; Fatty acyl glycosides; Carbonyl compounds; Oxanes; Glycosyl compounds; Alkyl glycosides; O-glycosyl compounds; Fatty acyl glycosides of mono- and disaccharides; Fatty Acyls; Organic oxides; Oxacyclic compounds; Hydrocarbon derivatives; Organic oxygen compounds; Chemical entities	531.275	256	4.264	875207936405664907	875205244920773300	875205244916578995	8116	
1	C14H22	[M + H]+	C14H23+	Terpenoids	0.984	Sesquiterpenoids	0.936	Caryophyllane sesquiterpenoids	0.367	Lipids and lipid-like molecules	0.756	Prenol lipids	0.726	Sesquiterpenoids	0.508			Sesquiterpenoids	0.508	Organic compounds; Lipids and lipid-like molecules; Prenol lipids; Sesquiterpenoids; Hydrocarbons; Olefins; Cyclic olefins; Polycyclic hydrocarbons; Unsaturated hydrocarbons; Unsaturated aliphatic hydrocarbons; Branched unsaturated hydrocarbons; Chemical entities	191.179	275	4.577	875207924145714308	875205245122099908	875205245122099907	18557	
1	C14H24N6O2	[M + H]+	C14H25N6O2+	Amino acids and Peptides	0.660	Small peptides	0.339	Tripeptides	0.138	Organic acids and derivatives	0.941	Carboxylic acids and derivatives	0.888	Amino acids, peptides, and analogues	0.769	Amino acids and derivatives	0.760	Alpha amino acids and derivatives	0.599	Organic compounds; Organoheterocyclic compounds; Amino acids, peptides, and analogues; Alpha amino acids and derivatives; Organic acids and derivatives; Carboxylic acids and derivatives; Organonitrogen compounds; Organooxygen compounds; Amino acids and derivatives; Guanidines; Carboxylic acid amides; Carboxylic acid derivatives; Carbonyl compounds; Amines; Organic oxides; Azacyclic compounds; Heteroaromatic compounds; Hydrocarbon derivatives; Organopnictogen compounds; Organic oxygen compounds; Organic nitrogen compounds; Chemical entities	309.203	276	4.597	875207910002520312	875205244828498604	875205244824304299	11016	
2	C21H33N3O5	[M + Na]+	C21H33N3NaO5+	Amino acids and Peptides	0.714	Peptide alkaloids	0.387	Tripeptides	0.146	Organic acids and derivatives	0.950	Carboxylic acids and derivatives	0.835	Amino acids, peptides, and analogues	0.661	Amino acids and derivatives	0.652	Alpha amino acids and derivatives	0.655	Organic compounds; Organoheterocyclic compounds; Amino acids, peptides, and analogues; Alpha amino acids and derivatives; Alkyl aryl ethers; Ethers; Organic acids and derivatives; Carboxylic acids and derivatives; Organonitrogen compounds; Organooxygen compounds; Amino acids and derivatives; Carboxylic acid amides; Carboxylic acid derivatives; Secondary carboxylic acid amides; Carbonyl compounds; Phenol ethers; Organic oxides; Azacyclic compounds; Heteroaromatic compounds; Hydrocarbon derivatives; Organopnictogen compounds; Organic oxygen compounds; Organic nitrogen compounds; Chemical entities	430.232	276	4.600	875207969104458916	875205244442622604	875205244438428299	14034	
1	C26H43NO6S	[M + H]+	C26H44NO6S+	Terpenoids	0.995	Steroids	0.997	Cholane steroids	0.989	Lipids and lipid-like molecules	0.999	Steroids and steroid derivatives	0.999	Bile acids, alcohols and derivatives	0.995	Taurinated bile acids and derivatives	0.964	Taurinated bile acids and derivatives	0.964	Organic compounds; Organosulfur compounds; Lipids and lipid-like molecules; Alcohols and polyols; Steroids and steroid derivatives; Organic acids and derivatives; Carboxylic acids and derivatives; Organosulfonic acids and derivatives; Organonitrogen compounds; Organooxygen compounds; Fatty amides; Carboxylic acid amides; Dihydroxy bile acids, alcohols and derivatives; Carboxylic acid derivatives; N-acyl amines; Sulfonyls; Taurinated bile acids and derivatives; Organosulfonic acids; Cyclic alcohols and derivatives; Hydroxysteroids; Bile acids, alcohols and derivatives; Secondary alcohols; Secondary carboxylic acid amides; Carbonyl compounds; Hydroxy bile acids, alcohols and derivatives; 3-hydroxysteroids; Alkanesulfonic acids and derivatives; 7-hydroxysteroids; Alkanesulfonic acids; Fatty Acyls; Organic oxides; Hydrocarbon derivatives; Organic sulfonic acids and derivatives; Organopnictogen compounds; Organic oxygen compounds; Organic nitrogen compounds; Chemical entities	498.287	278	4.627	875207987873969335	875205245235346124	875205245231151819	4434	
1	C26H46O12	[M + Na]+	C26H46NaO12+	Fatty acids	0.593	Fatty acyl glycosides	0.702	Fatty acyl glycosides of mono- and disaccharides	0.325	Organic oxygen compounds	1.000	Organooxygen compounds	1.000	Carbohydrates and carbohydrate conjugates	0.916	Glycosyl compounds	0.667	O-glycosyl compounds	0.717	Organic compounds; Organoheterocyclic compounds; Carbohydrates and carbohydrate conjugates; Lipids and lipid-like molecules; Alcohols and polyols; Ethers; Organic acids and derivatives; Carboxylic acids and derivatives; Organooxygen compounds; Carboxylic acid derivatives; Carboxylic acid esters; Monosaccharides; Acetals; Secondary alcohols; Carbonyl compounds; Oxanes; Glycosyl compounds; O-glycosyl compounds; Organic oxides; Oxacyclic compounds; Hydrocarbon derivatives; Organic oxygen compounds; Chemical entities	573.286	278	4.632	875207974905181357	875205244245490300	875205244241295995	1865	
2	C22H40O10	[M + Na]+	C22H40NaO10+	Terpenoids	0.859	Diterpenoids	0.787	Labdane diterpenoids	0.358	Lipids and lipid-like molecules	0.736	Prenol lipids	0.610					Prenol lipids	0.610	Organic compounds; Lipids and lipid-like molecules; Alcohols and polyols; Ethers; Prenol lipids; Organic acids and derivatives; Carboxylic acids and derivatives; Organooxygen compounds; Carboxylic acid derivatives; Carboxylic acid esters; Carbonyl compounds; Organic oxides; Oxacyclic compounds; Hydrocarbon derivatives; Organic oxygen compounds; Chemical entities	487.250	285	4.753	875207919951410289	875205244782361256	875205244778166951	3994	
1	C28H48O13	[M + Na]+	C28H48NaO13+	Fatty acids	0.873	Fatty acyl glycosides	0.951	Fatty acyl glycosides of mono- and disaccharides	0.814	Lipids and lipid-like molecules	0.625	Fatty Acyls	0.545	Fatty acyl glycosides	0.686	Alkyl glycosides	0.620	Alkyl glycosides	0.620	Organic compounds; Organoheterocyclic compounds; Carbohydrates and carbohydrate conjugates; Lipids and lipid-like molecules; Alcohols and polyols; Ethers; Organic acids and derivatives; Carboxylic acids and derivatives; Primary alcohols; Organooxygen compounds; Carboxylic acid derivatives; Carboxylic acid esters; Monosaccharides; Acetals; Secondary alcohols; Fatty acyl glycosides; Carbonyl compounds; Oxanes; Glycosyl compounds; Alkyl glycosides; O-glycosyl compounds; Polyols; Fatty acyl glycosides of mono- and disaccharides; Fatty Acyls; Organic oxides; Oxacyclic compounds; Hydrocarbon derivatives; Organic oxygen compounds; Chemical entities	615.296	286	4.758	875208117402465956	875205244018997868	875205244014803563	1703	
1	C26H48O11	[M + Na]+	C26H48NaO11+	Fatty acids	0.944	Fatty acyls	0.614	Fatty alcohols	0.686	Lipids and lipid-like molecules	0.939	Fatty Acyls	0.924	Fatty alcohols	0.616			Fatty alcohols	0.616	Organic compounds; Carbohydrates and carbohydrate conjugates; Lipids and lipid-like molecules; Alcohols and polyols; Organic acids and derivatives; Carboxylic acids and derivatives; Primary alcohols; Organooxygen compounds; Fatty acid esters; Carboxylic acid derivatives; Carboxylic acid esters; Fatty alcohols; Monosaccharides; Secondary alcohols; Carbonyl compounds; Polyols; Fatty Acyls; Organic oxides; Hydrocarbon derivatives; Organic oxygen compounds; Chemical entities	559.307	286	4.762	875207997889967308	875205242387413504	875205242383219199	1178	
1	C20H40N6O8	[M + Na]+	C20H40N6NaO8+	Amino acids and Peptides	0.400	Oligopeptides	0.604	N-acyl amines	0.444	Organic acids and derivatives	0.992	Carboxylic acids and derivatives	0.970	Amino acids, peptides, and analogues	0.551	Amino acids and derivatives	0.531	Amino acids and derivatives	0.531	Organic compounds; Lipids and lipid-like molecules; Amino acids, peptides, and analogues; Alcohols and polyols; Organic acids and derivatives; Carboxylic acids and derivatives; Organonitrogen compounds; Organooxygen compounds; Fatty amides; Amino acids and derivatives; Hydroxamic acids; Monoalkylamines; Carboxylic acid amides; Carboxylic acid derivatives; N-acyl amines; Primary carboxylic acid amides; Secondary carboxylic acid amides; Carbonyl compounds; Amines; Primary amines; Acetohydroxamic acids; Fatty Acyls; Acetamides; Organic oxides; Hydrocarbon derivatives; Organopnictogen compounds; Organic oxygen compounds; Organic nitrogen compounds; Chemical entities	515.281	287	4.785	875207939471701139	875205244589423256	875205244589423255	7801	
1	C14H22O	[M + H]+	C14H23O+	Terpenoids	0.978	Sesquiterpenoids	0.712	Humulane sesquiterpenoids	0.045	Lipids and lipid-like molecules	0.687	Prenol lipids	0.684					Prenol lipids	0.684	Organic compounds; Lipids and lipid-like molecules; Prenol lipids; Organooxygen compounds; Carbonyl compounds; Organic oxides; Hydrocarbon derivatives; Organic oxygen compounds; Chemical entities	207.174	287	4.788	875207998535890134	875205245172431560	875205245168237255	8391	
1	C14H20	[M + H]+	C14H21+	Terpenoids	0.993	Sesquiterpenoids	0.952	Caryophyllane sesquiterpenoids	0.389	Lipids and lipid-like molecules	0.777	Prenol lipids	0.765	Sesquiterpenoids	0.574			Sesquiterpenoids	0.574	Organic compounds; Lipids and lipid-like molecules; Prenol lipids; Sesquiterpenoids; Hydrocarbons; Olefins; Cyclic olefins; Polycyclic hydrocarbons; Unsaturated hydrocarbons; Unsaturated aliphatic hydrocarbons; Branched unsaturated hydrocarbons; Chemical entities	189.163	288	4.795	875207942583874717	875205244874635952	875205244870441647	10087	
8	C20H38N6O5	[M + Na]+	C20H38N6NaO5+	Carbohydrates	0.260	Aminosugars and aminoglycosides	0.311	Aminoglycosides	0.374	Lipids and lipid-like molecules	0.606							Lipids and lipid-like molecules	0.606	Organic compounds; Lipids and lipid-like molecules; Alcohols and polyols; Organic acids and derivatives; Carboxylic acids and derivatives; Organonitrogen compounds; Organooxygen compounds; Guanidines; Carbonyl compounds; Carboximidamides; Organic 1,3-dipolar compounds; Organic oxides; Hydrocarbon derivatives; Organopnictogen compounds; Organic oxygen compounds; Organic nitrogen compounds; Chemical entities	465.285	288	4.799	875208052776629812	875205244140632692	875205244136438387	18410	
1	C26H44N6O10	[M + H]+	C26H45N6O10+	Carbohydrates	0.753	Nucleosides	0.567	Pyrimidine nucleosides	0.341	Organic acids and derivatives	0.998	Carboxylic acids and derivatives	0.988	Carboxylic acid derivatives	0.968	Carboxylic acid amides	0.690	Acetamides	0.547	Organic compounds; Organoheterocyclic compounds; Alcohols and polyols; Organic acids and derivatives; Carboxylic acids and derivatives; Organonitrogen compounds; Organooxygen compounds; Hydroxamic acids; Carboxylic acid amides; Carboxylic acid derivatives; Carboxylic acid esters; Primary carboxylic acid amides; Carbonyl compounds; Acetamides; Organic oxides; Azacyclic compounds; Oxacyclic compounds; Hydrocarbon derivatives; Organopnictogen compounds; Organic oxygen compounds; Organic nitrogen compounds; Chemical entities	601.317	292	4.870	875208184402278131	875205242320304636	875205242316110331	653	
2	C24H48O8	[M + Na]+	C24H48NaO8+	Fatty acids	0.996	Fatty acyl glycosides	0.953	Fatty acyl glycosides of mono- and disaccharides	0.784	Lipids and lipid-like molecules	0.968	Fatty Acyls	0.946	Fatty acyl glycosides	0.506			Fatty acyl glycosides	0.506	Organic compounds; Organoheterocyclic compounds; Carbohydrates and carbohydrate conjugates; Lipids and lipid-like molecules; Alcohols and polyols; Ethers; Organic acids and derivatives; Carboxylic acids and derivatives; Primary alcohols; Organooxygen compounds; Fatty acid esters; Carboxylic acid derivatives; Monocarboxylic acids and derivatives; Carboxylic acid esters; Monosaccharides; Acetals; Secondary alcohols; Fatty acyl glycosides; Carbonyl compounds; Oxanes; Glycosyl compounds; O-glycosyl compounds; Polyols; Fatty Acyls; Organic oxides; Oxacyclic compounds; Hydrocarbon derivatives; Organic oxygen compounds; Chemical entities	487.325	297	4.947	875208057356809784	875205245570890472	875205245570890471	6546	
1	C22H40O6	[M + H]+	C22H41O6+	Fatty acids	0.986	Fatty esters	0.883	Wax monoesters	0.897	Lipids and lipid-like molecules	0.956	Fatty Acyls	0.950	Fatty acid esters	0.879			Fatty acid esters	0.879	Organic compounds; Organoheterocyclic compounds; Carbohydrates and carbohydrate conjugates; Lipids and lipid-like molecules; Alcohols and polyols; Ethers; Organic acids and derivatives; Carboxylic acids and derivatives; Organooxygen compounds; Fatty acid esters; Carboxylic acid derivatives; Monocarboxylic acids and derivatives; Dialkyl ethers; Carboxylic acid esters; Monosaccharides; Secondary alcohols; Carbonyl compounds; Oxanes; Polyols; Fatty Acyls; Organic oxides; Oxacyclic compounds; Hydrocarbon derivatives; Organic oxygen compounds; Chemical entities	401.288	298	4.961	875207988863825089	875205245017242300	875205245017242299	929	
1	C15H24	[M + H]+	C15H25+	Terpenoids	0.984	Sesquiterpenoids	0.955	Caryophyllane sesquiterpenoids	0.323	Lipids and lipid-like molecules	0.795	Prenol lipids	0.748	Sesquiterpenoids	0.588			Sesquiterpenoids	0.588	Organic compounds; Lipids and lipid-like molecules; Prenol lipids; Sesquiterpenoids; Hydrocarbons; Olefins; Cyclic olefins; Polycyclic hydrocarbons; Unsaturated hydrocarbons; Unsaturated aliphatic hydrocarbons; Branched unsaturated hydrocarbons; Chemical entities	205.195	302	5.025	875208079003612789	875205245713496820	875205245713496819	17953	
1	C22H38O7	[M + H]+	C22H39O7+	Terpenoids	0.576	Diterpenoids	0.406	Labdane diterpenoids	0.617	Lipids and lipid-like molecules	0.882	Prenol lipids	0.585					Prenol lipids	0.585	Organic compounds; Lipids and lipid-like molecules; Alcohols and polyols; Ethers; Prenol lipids; Organic acids and derivatives; Carboxylic acids and derivatives; Organooxygen compounds; Carboxylic acid derivatives; Carboxylic acid esters; Secondary alcohols; Tertiary alcohols; Carbonyl compounds; Fatty Acyls; Organic oxides; Hydrocarbon derivatives; Organic oxygen compounds; Chemical entities	415.268	304	5.063	875208081914459770	875205244086106736	875205244086106735	1470	
1	C20H40O5	[M + Na]+	C20H40NaO5+	Fatty acids	0.991	Fatty acyls	0.438	Fatty alcohols	0.729	Lipids and lipid-like molecules	0.980	Fatty Acyls	0.971	Fatty alcohols	0.622			Fatty alcohols	0.622	Organic compounds; Lipids and lipid-like molecules; Alcohols and polyols; Organic acids and derivatives; Carboxylic acids and derivatives; Primary alcohols; Organooxygen compounds; Fatty acid esters; Carboxylic acid derivatives; Monocarboxylic acids and derivatives; Carboxylic acid esters; Fatty alcohols; Secondary alcohols; Carbonyl compounds; Polyols; Fatty Acyls; Organic oxides; Hydrocarbon derivatives; Organic oxygen compounds; Chemical entities	383.278	309	5.153	875208077283948138	875205241858931172	875205241854736867	210	
3	C24H48O7	[M + Na]+	C24H48NaO7+	Fatty acids	0.991	Fatty esters	0.738	Wax monoesters	0.781	Lipids and lipid-like molecules	0.969	Fatty Acyls	0.962	Fatty acid esters	0.890			Fatty acid esters	0.890	Organic compounds; Carbohydrates and carbohydrate conjugates; Lipids and lipid-like molecules; Alcohols and polyols; Organic acids and derivatives; Carboxylic acids and derivatives; Primary alcohols; Organooxygen compounds; Fatty acid esters; Carboxylic acid derivatives; Carboxylic acid esters; Monosaccharides; Secondary alcohols; Carbonyl compounds; Polyols; Fatty Acyls; Organic oxides; Hydrocarbon derivatives; Organic oxygen compounds; Chemical entities	471.330	315	5.252	875208099371153031	875205245805771516	875205245805771515	354	
1	C22H40O6	[M + H]+	C22H41O6+	Fatty acids	0.990	Fatty esters	0.933	Wax monoesters	0.929	Lipids and lipid-like molecules	0.969	Fatty Acyls	0.963	Fatty acid esters	0.926			Fatty acid esters	0.926	Organic compounds; Organoheterocyclic compounds; Carbohydrates and carbohydrate conjugates; Lipids and lipid-like molecules; Alcohols and polyols; Ethers; Organic acids and derivatives; Carboxylic acids and derivatives; Primary alcohols; Organooxygen compounds; Fatty acid esters; Carboxylic acid derivatives; Monocarboxylic acids and derivatives; Carboxylic acid esters; Monosaccharides; Secondary alcohols; Carbonyl compounds; Polyols; Fatty Acyls; Organic oxides; Oxacyclic compounds; Hydrocarbon derivatives; Organic oxygen compounds; Chemical entities	401.288	319	5.323	875208067494442591	875205242664237584	875205242660043279	1036	
1	C23H38O5	[M + H]+	C23H39O5+	Fatty acids	0.613	Diterpenoids	0.426	Fatty alcohols	0.114	Lipids and lipid-like molecules	0.773	Fatty Acyls	0.551					Fatty Acyls	0.551	Organic compounds; Organoheterocyclic compounds; Lipids and lipid-like molecules; Alcohols and polyols; Organic acids and derivatives; Carboxylic acids and derivatives; Organooxygen compounds; Carboxylic acid derivatives; Monocarboxylic acids and derivatives; Carboxylic acid esters; Secondary alcohols; Carbonyl compounds; Fatty Acyls; Organic oxides; Oxacyclic compounds; Hydrocarbon derivatives; Organic oxygen compounds; Chemical entities	395.278	321	5.347	875208063195280971	875205245478615776	875205245478615775	820	
3	C26H52O9	[M + Na]+	C26H52NaO9+	Fatty acids	0.971	Fatty esters	0.570	Wax monoesters	0.630	Lipids and lipid-like molecules	0.967	Fatty Acyls	0.972	Fatty acid esters	0.895			Fatty acid esters	0.895	Organic compounds; Carbohydrates and carbohydrate conjugates; Lipids and lipid-like molecules; Alcohols and polyols; Organic acids and derivatives; Carboxylic acids and derivatives; Primary alcohols; Organooxygen compounds; Fatty acid esters; Carboxylic acid derivatives; Carboxylic acid esters; Monosaccharides; Secondary alcohols; Carbonyl compounds; Polyols; Fatty Acyls; Organic oxides; Oxacyclic compounds; Hydrocarbon derivatives; Organic oxygen compounds; Chemical entities	531.351	322	5.368	875208113879250588	875205242022509036	875205242018314731	214	
4	C26H45NO3	[M + Na]+	C26H45NNaO3+	Fatty acids	0.999	Fatty amides	0.988	N-acyl ethanolamines (endocannabinoids)	0.386	Lipids and lipid-like molecules	0.910	Fatty Acyls	0.913	Fatty amides	0.888	N-acyl amines	0.817	N-acyl amines	0.817	Organic compounds; Lipids and lipid-like molecules; Organic acids and derivatives; Carboxylic acids and derivatives; Organonitrogen compounds; Organooxygen compounds; Fatty amides; Carboxylic acid amides; Carboxylic acid derivatives; N-acyl amines; Secondary carboxylic acid amides; Carbonyl compounds; Fatty Acyls; Organic oxides; Hydrocarbon derivatives; Organopnictogen compounds; Organic oxygen compounds; Organic nitrogen compounds; Chemical entities	442.323	330	5.494	875208104425289362	875205245948377864	875205245948377863	2996	
3	C17H18N6O3	[M + H]+	C17H19N6O3+	Amino acids and Peptides	0.957	Small peptides	0.868	Dipeptides	0.316	Organic acids and derivatives	0.994	Carboxylic acids and derivatives	0.979	Amino acids, peptides, and analogues	0.957	Amino acids and derivatives	0.954	Histidine and derivatives	0.753	Organic compounds; Organoheterocyclic compounds; Amino acids, peptides, and analogues; Alpha amino acids and derivatives; Imidazoles; Organic acids and derivatives; Carboxylic acids and derivatives; Organonitrogen compounds; Organooxygen compounds; Amino acids and derivatives; Azoles; Monoalkylamines; Carboxylic acid amides; Carboxylic acid derivatives; Secondary carboxylic acid amides; Carbonyl compounds; Alpha amino acid amides; Benzenoids; Amines; Primary amines; Organic oxides; Azacyclic compounds; Heteroaromatic compounds; Hydrocarbon derivatives; Histidine and derivatives; Organopnictogen compounds; Organic oxygen compounds; Organic nitrogen compounds; Chemical entities	355.152	454	7.574	875208117968697009	875205245667359472	875205245667359471	9805	
