structurePerIdRank	formulaRank	ConfidenceScoreExact	ConfidenceScoreApproximate	CSI:FingerIDScore	ZodiacScore	SiriusScoreNormalized	SiriusScore	molecularFormula	adduct	precursorFormula	InChIkey2D	InChI	name	smiles	xlogp	pubchemids	links	dbflags	ionMass	retentionTimeInSeconds	retentionTimeInMinutes	formulaId	alignedFeatureId	compoundId	mappingFeatureId	overallFeatureQuality
1	1	0.057	0.057	-291.674		1.000	98.279	C33H46O6	[M + Na]+	C33H46NaO6+	ZEUHZVINIGYRNN	InChI=1S/C33H46O6/c1-23-9-5-6-20-39-22-26(11-7-10-24(2)30(36)14-13-23)28-16-18-33(31(28)37)29(12-8-19-34)27(25(3)21-35)15-17-32(33,4)38/h7,10-11,13,21,28-31,34,36-38H,2,8-9,12,14-20,22H2,1,3-4H3	2-[1,10-dihydroxy-2-(8-hydroxy-11-methyl-7-methylidene-1-oxacyclopentadeca-3,5,10-trien-13-yn-3-yl)-6-(3-hydroxypropyl)-10-methylspiro[4.5]decan-7-ylidene]propanal	CC1=CCC(C(=C)C=CC=C(COCC#CC1)C2CCC3(C2O)C(C(=C(C)C=O)CCC3(C)O)CCCO)O	2.000	162827047;162827048;162827049	COCONUT:(CNP0090275);TeroMol:(TKC158091 TKC158090);SUPERNATURAL:(SN0468460);PUBCHEM:(162827047 162827048 162827049)	11534338	561.317	33	0.558	875205263853861715	875205244392290952	875205244392290951	3760	
1	1	0.353	0.565	-296.921		0.841	203.197	C15H21N7O4	[M + H]+	C15H22N7O4+	ATAKEVCGTRZKLI	InChI=1S/C15H21N7O4/c1-8(16)13(23)21-11(2-9-4-17-6-19-9)14(24)22-12(15(25)26)3-10-5-18-7-20-10/h4-8,11-12H,2-3,16H2,1H3,(H,17,19)(H,18,20)(H,21,23)(H,22,24)(H,25,26)	H-DL-Ala-DL-His-DL-His-OH	CC(C(=O)NC(CC1=CN=CN1)C(=O)NC(CC2=CN=CN2)C(=O)O)N	-4.000	9547905;18218398	PUBCHEMANNOTATIONBIO;CHEBI:(158218);MESH:(9547905);PUBCHEM:(9547905 18218398);PUBMED	16777318	364.179	37	0.618	875206937939000443	875205244488759952	875205244488759951	13854	
1	6	0.327	0.327	-289.170		0.000	185.456	C29H39N5O7	[M + Na]+	C29H39N5NaO7+	ZHUJMSMQIPIPTF	InChI=1S/C29H39N5O7/c1-17(2)13-24(29(40)41)34-28(39)23(15-19-7-5-4-6-8-19)33-25(36)16-31-26(37)18(3)32-27(38)22(30)14-20-9-11-21(35)12-10-20/h4-12,17-18,22-24,35H,13-16,30H2,1-3H3,(H,31,37)(H,32,38)(H,33,36)(H,34,39)(H,40,41)	(2R)-2-[[(2S)-2-[[2-[[(2R)-2-[[(2S)-2-amino-3-(4-hydroxy-2,6-ditritiophenyl)propanoyl]amino]propanoyl]amino]acetyl]amino]-3-phenylpropanoyl]amino]-4-methylpentanoic acid	CC(C)CC(C(=O)O)NC(=O)C(CC1=CC=CC=C1)NC(=O)CNC(=O)C(C)NC(=O)C(CC2=CC=C(C=C2)O)N	1.507	124542703;9985460;6917707;129637616;129777352;70578391;70695219;92223068;92471971;92471972;10099522;10816944;13019201;44568;49827246;44269108;44272062;44285925	PUBCHEMANNOTATIONBIO;NORMAN:(NS00055427 NS00071158);HMDB:(HMDB0247171);BloodExposome:(44568 10099522 6917707);MESH:(6917707);PUBCHEM:(124542703 9985460 6917707 129637616 129777352 70578391 70695219 92223068 92471971 92471972 10099522 10816944 13019201 44568 49827246 44269108 44272062 44285925);DSSTox:(DTXSID40742654 DTXSID40979842 DTXSID60515342);PUBMED	137460187214	592.271	46	0.775	875205870530575312	875205243003976228	875205242999781923	1159	
1	1	0.177	0.177	-268.394		0.998	155.036	C33H46N6O8	[M + H]+	C33H47N6O8+	LQSPUJMNMSUOMH	InChI=1S/C33H46N6O8/c1-18(2)27(32(46)35-19(3)17-40)38-31(45)26(16-23-11-13-24(42)14-12-23)36-30(44)25(15-22-9-7-6-8-10-22)37-33(47)28(21(5)41)39-29(43)20(4)34/h6-14,17-21,25-28,41-42H,15-16,34H2,1-5H3,(H,35,46)(H,36,44)(H,37,47)(H,38,45)(H,39,43)	H-Ala-Thr-Phe-Tyr-Val-Ala-al	CC(C)C(C(=O)NC(C)C=O)NC(=O)C(CC1=CC=C(C=C1)O)NC(=O)C(CC2=CC=CC=C2)NC(=O)C(C(C)O)NC(=O)C(C)N	1.021	56973547	PUBCHEMANNOTATIONBIO:(null);PUBCHEM:(56973547)	16777218	655.339	57	0.958	875205368929565524	875205243293383224	875205243289188919	1448	
1	2	0.501	0.501	-347.506		0.003	209.062	C34H48N6O8	[M + H]+	C34H49N6O8+	LNHJGXNEFBWSQZ	InChI=1S/C34H48N6O8/c1-19(2)16-24(35)30(43)40-29(20(3)4)33(46)38-26(17-22-10-12-23(41)13-11-22)32(45)37-25(14-15-28(36)42)31(44)39-27(34(47)48)18-21-8-6-5-7-9-21/h5-13,19-20,24-27,29,41H,14-18,35H2,1-4H3,(H2,36,42)(H,37,45)(H,38,46)(H,39,44)(H,40,43)(H,47,48)	H-Leu-Val-Tyr-Gln-Phe-OH	CC(C)CC(C(=O)NC(C(C)C)C(=O)NC(CC1=CC=C(C=C1)O)C(=O)NC(CCC(=O)N)C(=O)NC(CC2=CC=CC=C2)C(=O)O)N	1.767	133053552	PUBCHEMANNOTATIONBIO;PUBCHEM:(133053552)	16777218	669.355	59	0.977	875205848904743864	875205243536652872	875205243532458567	1944	
1	1	0.680	0.680	-203.409		0.629	149.945	C35H54N8O9	[M + H]+	C35H55N8O9+	BWGJDNUHVLISMZ	InChI=1S/C35H54N8O9/c1-19(2)15-22(36)34(50)43-14-8-11-27(43)33(49)41-24(17-21-9-6-5-7-10-21)31(47)40-25(18-29(38)45)32(48)39-23(12-13-28(37)44)30(46)42-26(35(51)52)16-20(3)4/h5-7,9-10,19-20,22-27H,8,11-18,36H2,1-4H3,(H2,37,44)(H2,38,45)(H,39,48)(H,40,47)(H,41,49)(H,42,46)(H,51,52)	Leu-Pro-Phe-Asn-Gln-Leu	CC(C)CC(C(=O)N1CCCC1C(=O)NC(CC2=CC=CC=C2)C(=O)NC(CC(=O)N)C(=O)NC(CCC(=O)N)C(=O)NC(CC(C)C)C(=O)O)N	-0.129	67117582;67117584	PUBCHEM:(67117582 67117584);PUBMED	66	731.406	61	1.015	875205703395949436	875205243658287696	875205243658287695	1365	
1	3	0.069	0.069	-364.119		0.006	143.696	C32H45N5O7	[M + H]+	C32H46N5O7+	QYEUFPXQJIQXLI	InChI=1S/C32H45N5O7/c1-20(2)17-25(33-32(42)44-19-24-15-11-8-12-16-24)28(38)34-26(21(3)4)29(39)36-37-31(41)35-27(22(5)6)30(40)43-18-23-13-9-7-10-14-23/h7-16,20-22,25-27H,17-19H2,1-6H3,(H,33,42)(H,34,38)(H,36,39)(H2,35,37,41)	Cbz-Leu-Val-Unk-Val-OBn	CC(C)CC(C(=O)NC(C(C)C)C(=O)NNC(=O)NC(C(C)C)C(=O)OCC1=CC=CC=C1)NC(=O)OCC2=CC=CC=C2	5.300	11017520;44355152	PUBCHEMANNOTATIONBIO;PUBCHEM:(11017520 44355152);PUBMED	16777282	612.333	62	1.025	875206687115426910	875205242244807160	875205242244807159	395	
1	3	0.238	0.507	-261.672		0.033	128.724	C28H45N5O7	[M + Na]+	C28H45N5NaO7+	BNDTXDIWZPIRNI	InChI=1S/C28H45N5O7/c1-8-11-20-27(38)33-15-10-12-19(33)25(36)31-23(17(5)9-2)26(37)30-22(16(3)4)28(39)32(7)18(6)24(35)29-14-13-21(34)40-20/h8,16-20,22-23H,1,9-15H2,2-7H3,(H,29,35)(H,30,37)(H,31,36)	Desmethyldestruxin A	CCC(C)C1C(=O)NC(C(=O)N(C(C(=O)NCCC(=O)OC(C(=O)N2CCCC2C(=O)N1)CC=C)C)C)C(C)C	2.100	9985349;85083323;139587923;11028147	COCONUT:(CNP0206411);SUPERNATURAL:(SN0030103);PUBCHEM:(9985349 85083323 139587923 11028147);LOTUS:(Q104938743)	271581186	586.318	65	1.076	875205781372255143	875205242173503988	875205242169309683	401	
1	2	0.106	0.106	-257.053		0.264	158.368	C33H46N6O8	[M + H]+	C33H47N6O8+	LQSPUJMNMSUOMH	InChI=1S/C33H46N6O8/c1-18(2)27(32(46)35-19(3)17-40)38-31(45)26(16-23-11-13-24(42)14-12-23)36-30(44)25(15-22-9-7-6-8-10-22)37-33(47)28(21(5)41)39-29(43)20(4)34/h6-14,17-21,25-28,41-42H,15-16,34H2,1-5H3,(H,35,46)(H,36,44)(H,37,47)(H,38,45)(H,39,43)	H-Ala-Thr-Phe-Tyr-Val-Ala-al	CC(C)C(C(=O)NC(C)C=O)NC(=O)C(CC1=CC=C(C=C1)O)NC(=O)C(CC2=CC=CC=C2)NC(=O)C(C(C)O)NC(=O)C(C)N	1.021	56973547	PUBCHEMANNOTATIONBIO:(null);PUBCHEM:(56973547)	16777218	655.339	68	1.134	875205915824864214	875205243410823744	875205243406629439	924	
1	1	0.863	0.863	-160.731		0.985	192.379	C26H47N7O9	[M + H]+	C26H48N7O9+	BVGKSTTYFJMJDJ	InChI=1S/C26H47N7O9/c1-13(2)19(23(38)30-17(26(41)42)8-5-6-10-27)31-24(39)20(15(4)35)32-21(36)14(3)29-22(37)18-9-7-11-33(18)25(40)16(28)12-34/h13-20,34-35H,5-12,27-28H2,1-4H3,(H,29,37)(H,30,38)(H,31,39)(H,32,36)(H,41,42)	H-Ser-Pro-Ala-Thr-Val-Lys-OH	CC(C)C(C(=O)NC(CCCCN)C(=O)O)NC(=O)C(C(C)O)NC(=O)C(C)NC(=O)C1CCCN1C(=O)C(CO)N	-2.727	44204903	PUBCHEM:(44204903)	2	602.348	69	1.149	875205538836626290	875205242869758492	875205242861369883	2128	
1	5	0.059	0.059	-551.552		0.000	124.271	C33H54N4O8	[M + K]+	C33H54KN4O8+	JISLVAPFZWGLHI	InChI=1S/C33H54N4O8/c1-12-21(8)29(45-33(43)24(16-18(2)3)35(10)22(9)38)30(40)34-27(19(4)5)32(42)36-15-13-14-23(36)31(41)37-26(39)17-25(44-11)28(37)20(6)7/h17-21,23-24,27-29H,12-16H2,1-11H3,(H,34,40)	N-(1-{2-[3-methoxy-5-oxo-2-(propan-2-yl)-2,5-dihydro-1H-pyrrole-1-carbonyl]pyrrolidin-1-yl}-3-methyl-1-oxobutan-2-yl)-3-methyl-2-{[4-methyl-2-(N-methylacetamido)pentanoyl]oxy}pentanimidic acid	CCC(C)C(C(=O)NC(C(C)C)C(=O)N1CCCC1C(=O)N2C(C(=CC2=O)OC)C(C)C)OC(=O)C(CC(C)C)N(C)C(=O)C	4.300	163080753;163080754	COCONUT:(CNP0387039);SUPERNATURAL:(SN0166592);PUBCHEM:(163080753 163080754)	3145730	673.350	71	1.177	875205506020391788	875205242534214152	875205242530019847	620	
1	1	0.607	0.607	-206.227		0.992	193.758	C16H27N5O6	[M + H]+	C16H28N5O6+	RVZPRALOJCQCTR	InChI=1S/C16H27N5O6/c17-8-2-1-3-11(16(26)27)21-15(25)10(4-6-12(18)22)20-14(24)9-5-7-13(23)19-9/h9-11H,1-8,17H2,(H2,18,22)(H,19,23)(H,20,24)(H,21,25)(H,26,27)	6-amino-2-{4-carbamoyl-2-[(5-oxopyrrolidin-2-yl)formamido]butanamido}hexanoic acid	C1CC(=O)NC1C(=O)NC(CCC(=O)N)C(=O)NC(CCCCN)C(=O)O	-4.900	91746341	COCONUT:(CNP0388400);SUPERNATURAL:(SN0336767);PUBCHEM:(91746341)	3145730	386.204	72	1.201	875206058632526867	875205243352103484	875205243347909179	1038	
1	6	0.084	0.084	-506.183		0.000	101.154	C33H50FN3O6	[M + Na]+	C33H50FN3NaO6+	QGLLUTGTNAHUAQ	InChI=1S/C33H50FN3O6/c1-6-22(2)31(33(40)36-19-25-10-12-27(34)13-11-25)37-32(39)29(24(4)38)15-14-28(35)21-42-20-26-9-8-23(3)30(18-26)43-17-7-16-41-5/h8-13,18,22,24,28-29,31,38H,6-7,14-17,19-21,35H2,1-5H3,(H,36,40)(H,37,39)	(2S)-5-amino-N-[1-[(4-fluorophenyl)methylamino]-3-methyl-1-oxopentan-2-yl]-2-(1-hydroxyethyl)-6-[[3-(3-methoxypropoxy)-4-methylphenyl]methoxy]hexanamide	CCC(C)C(C(=O)NCC1=CC=C(C=C1)F)NC(=O)C(CCC(COCC2=CC(=C(C=C2)C)OCCCOC)N)C(C)O	3.700	145469431	PUBCHEM:(145469431)	2	626.349	77	1.280	875206016265862157	875205243180137008	875205243180137007	1211	
1	2	0.844	0.850	-21.871		0.032	28.986	C10H13N5	[M + H]+	C10H14N5+	HYVABZIGRDEKCD	InChI=1S/C10H13N5/c1-7(2)3-4-11-9-8-10(13-5-12-8)15-6-14-9/h3,5-6H,4H2,1-2H3,(H2,11,12,13,14,15)	Isopentenyladenine	CC(=CCNC1=NC=NC2=C1NC=N2)C	1.318	101371676;135451995;131875070;10560178;92180	PUBCHEMANNOTATIONBIO;HMDB:(HMDB0245646);MiMeDB:(MMDBc0005743);TeroMol:(TKC122483);PUBCHEMANNOTATIONSAFETYANDTOXIC;BloodExposome:(92180);SUPERNATURAL:(SN0139154);MESH:(92180);FooDB:(FDB002241 FDB031051);PUBCHEM:(101371676 135451995 131875070 10560178 92180);COCONUT:(CNP0256675);NORMAN:(NS00068181);METACYC:(CPD-4209);PLANTCYC:(CPD-4209);CHEBI:(17660);KEGG:(C04083);DSSTox:(DTXSID10178325);LOTUS:(Q569031);PUBCHEMANNOTATIONDRUG;PUBMED;KNAPSACK:(HYVABZIGRDEKCD-UHFFFAOYSA-N)	139451566462	204.124	78	1.299	875205705845422984	875205243918334564	875205243918334563	9317	
1	1	0.144	0.144	-214.053		0.848	131.217	C15H29N3O6	[M + Na]+	C15H29N3NaO6+	HOWRWHUZXIWHQB	InChI=1S/C15H29N3O6/c1-10(2)13(14(20)17-11(3)15(21)22)18-12(19)4-6-23-8-9-24-7-5-16/h10-11,13H,4-9,16H2,1-3H3,(H,17,20)(H,18,19)(H,21,22)	(2S)-2-[[(2S)-2-[3-[2-(2-aminoethoxy)ethoxy]propanoylamino]-3-methylbutanoyl]amino]propanoic acid	CC(C)C(C(=O)NC(C)C(=O)O)NC(=O)CCOCCOCCN	-3.300	156139250	PUBCHEM:(156139250)	2	370.191	79	1.313	875206740064320614	875205243712813652	875205243712813651	3299	
1	1	0.911	0.990	-44.724		0.999	35.224	C15H22N2O3	[M + H]+	C15H23N2O3+	KFKWRHQBZQICHA	InChI=1S/C15H22N2O3/c1-10(2)8-12(16)14(18)17-13(15(19)20)9-11-6-4-3-5-7-11/h3-7,10,12-13H,8-9,16H2,1-2H3,(H,17,18)(H,19,20)	2-(2-amino-4-methylpentanamido)-3-phenylpropanoic acid	CC(C)CC(C(=O)NC(CC1=CC=CC=C1)C(=O)O)N	1.557	103868977;103869028;6992311;6992309;6992310;6992312;6992313;6992314;6992315;6992316;129635912;12940412;61156965;259325	PUBCHEMANNOTATIONBIO;HMDB:(HMDB0013243 HMDB0302841);MiMeDB:(MMDBc0000658);BloodExposome:(259325 6992310);SUPERNATURAL:(SN0184192);MESH:(259325 6992310);FooDB:(FDB006480 FDB111642);PUBCHEM:(103868977 103869028 6992311 6992309 6992310 6992312 6992313 6992314 6992315 6992316 129635912 12940412 61156965 259325);GNPS:(CCMSLIB00003134995 CCMSLIB00003137982);COCONUT:(CNP0118564);CHEBI:(73585);DSSTox:(DTXSID201044504 DTXSID301313172 DTXSID501036415 DTXSID60952899 DTXSID80426305);LOTUS:(Q27141902);PUBCHEMANNOTATIONDRUG;PUBMED	139375677550	279.170	81	1.354	875206001799707635	875205241091373520	875205241066207695	3663	
1	2	0.405	0.594	-248.658		0.004	189.390	C30H49N5O7	[M + Na]+	C30H49N5NaO7+	VCMDZWFWWFIEOO	InChI=1S/C30H49N5O7/c1-9-13-22-28(39)35-17-12-11-14-21(35)27(38)32-24(19(5)10-2)29(40)34(8)25(18(3)4)30(41)33(7)20(6)26(37)31-16-15-23(36)42-22/h9,18-22,24-25H,1,10-17H2,2-8H3,(H,31,37)(H,32,38)	3-(butan-2-yl)-5,8,9-trimethyl-16-(prop-2-en-1-yl)-6-(propan-2-yl)-icosahydro-1H-pyrido[1,2-d]1-oxa-4,7,10,13,16-pentaazacyclononadecane-1,4,7,10,14,17-hexone	CCC(C)C1C(=O)N(C(C(=O)N(C(C(=O)NCCC(=O)OC(C(=O)N2CCCCC2C(=O)N1)CC=C)C)C)C(C)C)C	2.600	21607149;101427888;163186892;162919495;73800461	COCONUT:(CNP0188874);SUPERNATURAL:(SN0386626);PUBCHEM:(21607149 101427888 163186892 162919495 73800461);LOTUS:(Q105283777);GNPS:(CCMSLIB00000577633)	271585282	614.349	82	1.373	875206238727552062	875205241770850784	875205241766656479	182	
1	6	0.059	0.059	-346.955		0.004	136.797	C37H54N6O10	[M + H]+	C37H55N6O10+	DOMQMNWQZKXZCU	InChI=1S/C37H54N6O10/c1-21(2)16-27(35(50)43-31(22(3)44)36(51)52)41-34(49)28(18-23-10-8-7-9-11-23)40-30(46)19-39-33(48)29(20-53-37(4,5)6)42-32(47)26(38)17-24-12-14-25(45)15-13-24/h7-15,21-22,26-29,31,44-45H,16-20,38H2,1-6H3,(H,39,48)(H,40,46)(H,41,49)(H,42,47)(H,43,50)(H,51,52)	Dstbulet	CC(C)CC(C(=O)NC(C(C)O)C(=O)O)NC(=O)C(CC1=CC=CC=C1)NC(=O)CNC(=O)C(COC(C)(C)C)NC(=O)C(CC2=CC=C(C=C2)O)N	1.349	21121319;130662	PUBCHEMANNOTATIONBIO;MESH:(130662);PUBCHEM:(21121319 130662);DSSTox:(DTXSID40149447);PUBMED	137455730758	743.391	94	1.565	875206001883593731	875205241942817256	875205241942817255	164	
1	1	0.356	0.356	-293.962		0.516	137.670	C21H40N8O7	[M + Na]+	C21H40N8NaO7+	COIXXKVZEXZCLU	InChI=1S/C21H40N8O7/c1-11(2)16(20(35)36)29-19(34)14(10-15(30)31)28-18(33)13(7-3-4-8-22)27-17(32)12(23)6-5-9-26-21(24)25/h11-14,16H,3-10,22-23H2,1-2H3,(H,27,32)(H,28,33)(H,29,34)(H,30,31)(H,35,36)(H4,24,25,26)		CC(C)C(C(=O)O)NC(=O)C(CC(=O)O)NC(=O)C(CCCCN)NC(=O)C(CCCN=C(N)N)N	-7.400	9871206;3033954;13749956	PUBCHEMANNOTATIONSAFETYANDTOXIC;BloodExposome:(3033954);MESH:(3033954);PUBCHEM:(9871206 3033954 13749956);DSSTox:(DTXSID20234688);PUBMED	137510256710	539.290	97	1.612	875206892778929264	875205243062696488	875205243062696487	1930	
1	1	0.643	0.698	-67.017		1.000	68.318	C18H35N3O4	[M + H]+	C18H36N3O4+	DNDWZFHLZVYOGF	InChI=1S/C18H35N3O4/c1-10(2)7-13(19)16(22)20-14(8-11(3)4)17(23)21-15(18(24)25)9-12(5)6/h10-15H,7-9,19H2,1-6H3,(H,20,22)(H,21,23)(H,24,25)	(2R)-2-[[(2S)-2-[[(2R)-2-amino-4-methylpentanoyl]amino]-4-methylpentanoyl]amino]-4-methylpentanoic acid	CC(C)CC(C(=O)NC(CC(C)C)C(=O)NC(CC(C)C)C(=O)O)N	1.936	124678502;124678503;87188087;7282368;140723517;92223533;92223534;92223535;133127177;139248300;82546;259327	PUBCHEMANNOTATIONBIO;HMDB:(HMDB0094648);BloodExposome:(259327 82546);CHEBI:(74541);MESH:(82546);PUBCHEM:(124678502 124678503 87188087 7282368 140723517 92223533 92223534 92223535 133127177 139248300 82546 259327);DSSTox:(DTXSID40875118);PUBMED	137459925102	358.269	111	1.858	875205373199367006	875205241686964700	875205241682770395	1589	
1	1	0.582	0.582	-236.006		0.997	179.228	C41H52N6O9	[M + H]+	C41H53N6O9+	KBRJNVHEMNQSSO	InChI=1S/C41H52N6O9/c1-41(2,3)56-40(55)45-31(25-27-16-8-5-9-17-27)35(49)43-28-18-10-11-19-29(38(52)47-23-13-21-33(47)39(53)54)42-34(48)30(24-26-14-6-4-7-15-26)44-36(50)32-20-12-22-46(32)37(28)51/h4-11,14-17,28-33H,12-13,18-25H2,1-3H3,(H,42,48)(H,43,49)(H,44,50)(H,45,55)(H,53,54)	Cyclo[L-Phe-[(2S,7S)-2-(Boc-L-Phe-amino)-7-[[(2S)-2alpha-carboxypyrrolizino]carbonyl]-7-amino*-4-heptenoyl]-L-Pro-]	CC(C)(C)OC(=O)NC(CC1=CC=CC=C1)C(=O)NC2CC=CCC(NC(=O)C(NC(=O)C3CCCN3C2=O)CC4=CC=CC=C4)C(=O)N5CCCC5C(=O)O	3.900	101352491;101352492;101352493	PUBCHEM:(101352491 101352492 101352493)	2	773.381	115	1.921	875206406440991815	875205242098006512	875205242098006511	345	
1	8	0.019	0.606	-330.680		0.000	130.470	C41H57N3O10	[M + Na]+	C41H57N3NaO10+	PFVOZEAOIDHCCR	InChI=1S/C41H57N3O10/c1-23(2)32-41(51)54-34(25(5)6)37(47)43(10)31(22-28-17-19-29(45)20-18-28)40(50)52-33(24(3)4)36(46)42(9)30(21-27-15-13-12-14-16-27)39(49)53-35(26(7)8)38(48)44(32)11/h12-20,23-26,30-35,45H,21-22H2,1-11H3	Beauvenniatin D	CC(C)C1C(=O)OC(C(=O)N(C(C(=O)OC(C(=O)N(C(C(=O)OC(C(=O)N1C)C(C)C)CC2=CC=CC=C2)C)C(C)C)CC3=CC=C(C=C3)O)C)C(C)C	7.400	76193037;54768791	COCONUT:(CNP0250772);SUPERNATURAL:(SN0284283);PUBCHEM:(76193037 54768791);LOTUS:(Q77503738)	271581186	774.385	119	1.975	875205995642469350	875205242727152148	875205242727152147	848	
1	6	0.061	0.061	-498.734		0.035	112.086	C36H63N11O8	[M + Na]+	C36H63N11NaO8+	OSKIRYSKGDEIOG	InChI=1S/C36H63N11O8/c1-7-22(6)29(47-33(52)26(18-21(4)5)46-34(53)27-13-10-16-55-27)35(54)42-19-28(48)43-24(12-9-15-41-36(39)40)31(50)45-25(17-20(2)3)32(51)44-23(30(38)49)11-8-14-37/h10,13,16,20-26,29H,7-9,11-12,14-15,17-19,37H2,1-6H3,(H2,38,49)(H,42,54)(H,43,48)(H,44,51)(H,45,50)(H,46,53)(H,47,52)(H4,39,40,41)	fur-2-oyl-DL-Leu-DL-xiIle-Gly-DL-Arg-DL-Leu-DL-Orn-NH2	CCC(C)C(C(=O)NCC(=O)NC(CCCN=C(N)N)C(=O)NC(CC(C)C)C(=O)NC(CCCN)C(=O)N)NC(=O)C(CC(C)C)NC(=O)C1=CC=CO1	0.400	85131417;125407505;125407506;125407507;125407508;10395438	PUBCHEMANNOTATIONBIO;HMDB:(HMDB0245135);BloodExposome:(10395438);MESH:(10395438);PUBCHEM:(85131417 125407505 125407506 125407507 125407508 10395438);PUBMED	20971598	800.465	123	2.048	875206469284248662	875205241418529236	875205241410140627	14095	
1	4	0.026	0.026	-453.489		0.071	94.474	C36H61N13O11	[M + K]+	C36H61KN13O11+	RALRRPKNUFMFII	InChI=1S/C36H61N13O11/c1-18(44-36(60)27(15-28(51)52)49-33(57)21(4)43-34(58)25(46-22(5)50)11-7-9-13-38)30(54)42-19(2)32(56)48-26(14-23-16-40-17-41-23)35(59)45-20(3)31(55)47-24(29(39)53)10-6-8-12-37/h16-21,24-27H,6-15,37-38H2,1-5H3,(H2,39,53)(H,40,41)(H,42,54)(H,43,58)(H,44,60)(H,45,59)(H,46,50)(H,47,55)(H,48,56)(H,49,57)(H,51,52)	Ac-Lys-Ala-Asp-Ala-Ala-His-Ala-Lys-NH2	CC(C(=O)NC(CC1=CN=CN1)C(=O)NC(C)C(=O)NC(CCCCN)C(=O)N)NC(=O)C(C)NC(=O)C(CC(=O)O)NC(=O)C(C)NC(=O)C(CCCCN)NC(=O)C	-6.700	102410380	PUBCHEM:(102410380)	2	890.413	142	2.359	875205864721464260	875205242794261016	875205242790066711	1262	
1	6	0.042	0.171	-215.832		0.012	147.370	C20H39N5O11	[M + H]+	C20H40N5O11+	DJJOOGGWINLJDL	InChI=1S/C20H39N5O11/c1-5(27)25-11-15(31)13(29)8(3-21)33-19(11)35-17-6(22)2-7(23)18(16(17)32)36-20-14(30)10(24)12(28)9(4-26)34-20/h6-20,26,28-32H,2-4,21-24H2,1H3,(H,25,27)	N-[6-(aminomethyl)-2-[(4,6-diamino-3-{[4-amino-3,5-dihydroxy-6-(hydroxymethyl)oxan-2-yl]oxy}-2-hydroxycyclohexyl)oxy]-4,5-dihydroxyoxan-3-yl]ethanimidic acid	CC(=O)NC1C(C(C(OC1OC2C(CC(C(C2O)OC3C(C(C(C(O3)CO)O)N)O)N)N)CN)O)O	-6.900	163000295	COCONUT:(CNP0273975);SUPERNATURAL:(SN0067329);PUBCHEM:(163000295)	3145730	526.274	146	2.436	875206086394625059	875205243868002912	875205243868002911	5872	
1	1	0.969	0.969	-158.120		1.000	169.385	C33H57N7O8	[M + H]+	C33H58N7O8+	MYJQSCPFUXABHG	InChI=1S/C33H57N7O8/c1-17(2)15-22(31(45)40-14-10-12-25(40)29(43)36-21(8)33(47)48)37-27(41)20(7)35-28(42)24-11-9-13-39(24)32(46)23(16-18(3)4)38-30(44)26(34)19(5)6/h17-26H,9-16,34H2,1-8H3,(H,35,42)(H,36,43)(H,37,41)(H,38,44)(H,47,48)	L-Alanine, L-valyl-L-leucyl-L-prolyl-L-alanyl-L-leucyl-L-prolyl-	CC(C)CC(C(=O)N1CCCC1C(=O)NC(C)C(=O)O)NC(=O)C(C)NC(=O)C2CCCN2C(=O)C(CC(C)C)NC(=O)C(C(C)C)N	1.312	10190092	PUBCHEM:(10190092);DSSTox:(DTXSID70436514)	137438953474	680.432	149	2.487	875205999039855593	875205244966910648	875205244966910647	6752	
1	1	0.131	0.131	-225.205		0.880	24.155	C14H24N6O7	[M + H]+	C14H25N6O7+	MLMWDMATSTXMGP	InChI=1S/C14H24N6O7/c1-2-27-14(26)8-20-13(25)7-19-12(24)6-18-11(23)5-17-10(22)4-16-9(21)3-15/h2-8,15H2,1H3,(H,16,21)(H,17,22)(H,18,23)(H,19,24)(H,20,25)	H-Gly-Gly-Gly-Gly-Gly-Gly-OEt	CCOC(=O)CNC(=O)CNC(=O)CNC(=O)CNC(=O)CNC(=O)CN	-3.700	23422859	PUBCHEM:(23422859)	2	389.177	181	3.023	875206096188324905	875205246200036124	875205246195841819	21889	
1	2	0.104	0.104	-215.637		0.210	85.315	C14H27N3O2	[M + Na]+	C14H27N3NaO2+	KSMXQQFOZLARLU	InChI=1S/C14H27N3O2/c1-13(2,3)16-11(18)10-8-7-9-17(10)14(4,5)12(19)15-6/h10H,7-9H2,1-6H3,(H,15,19)(H,16,18)	(2S)-N-tert-butyl-1-[2-methyl-1-(methylamino)-1-oxopropan-2-yl]pyrrolidine-2-carboxamide	CC(C)(C)NC(=O)C1CCCN1C(C)(C)C(=O)NC	1.100	75411472	SUPERNATURAL:(SN0194242);PUBCHEM:(75411472);PUBMED	1048642	292.201	182	3.036	875206109467491380	875205242597128716	875205242597128715	5121	
1	3	0.661	0.661	-226.197		0.082	60.703	C30H47N5O9	[M + K]+	C30H47KN5O9+	JYRYQXMYHYLRGH	InChI=1S/C30H47N5O9/c1-7-17(6)25(30(43)44)35-27(40)21(12-15(2)3)33-29(42)24(16(4)5)34-28(41)22(13-18-8-10-19(36)11-9-18)32-26(39)20(31)14-23(37)38/h8-11,15-17,20-22,24-25,36H,7,12-14,31H2,1-6H3,(H,32,39)(H,33,42)(H,34,41)(H,35,40)(H,37,38)(H,43,44)	CDR-H1-5 peptide	CCC(C)C(C(=O)O)NC(=O)C(CC(C)C)NC(=O)C(C(C)C)NC(=O)C(CC1=CC=C(C=C1)O)NC(=O)C(CC(=O)O)N	1.309	102270254	PUBCHEM:(102270254)	2	660.302	216	3.607	875207462268943530	875205245621222124	875205245621222123	19967	
1	5	0.058	0.058	-378.700		0.001	42.846	C30H35N3O3	[M + H]+	C30H36N3O3+	JARNORYOPMINDY	InChI=1S/C30H35N3O3/c1-23(34)24-9-11-25(12-10-24)26-13-15-27(16-14-26)30(35)31-17-5-6-18-32-19-21-33(22-20-32)28-7-3-4-8-29(28)36-2/h3-4,7-16H,5-6,17-22H2,1-2H3,(H,31,35)	4'-Acetyl-N-[4-[4-(2-methoxyphenyl)-1-piperazinyl]butyl]-[1,1'-biphenyl]-4-carboxamide	CC(=O)C1=CC=C(C=C1)C2=CC=C(C=C2)C(=O)NCCCCN3CCN(CC3)C4=CC=CC=C4OC	4.800	4302960	PUBCHEMANNOTATIONBIO;CHEBI:(92882);MESH:(4302960);PUBCHEM:(4302960);DSSTox:(DTXSID6042602);PUBCHEMANNOTATIONDRUG;PUBMED	137489285222	486.281	217	3.624	875207463040695478	875205245432478428	875205245432478427	4642	
1	1	0.881	0.881	-140.020		0.679	42.533	C16H23N5O4S	[M + H]+	C16H24N5O4S+	VZQXUWKZDSEQRR	InChI=1S/C16H23N5O4S/c1-8(2)4-5-17-13-10-14(20-16(19-13)26-3)21(7-18-10)15-12(24)11(23)9(6-22)25-15/h4,7,9,11-12,15,22-24H,5-6H2,1-3H3,(H,17,19,20)	2-Methylthio-N6-(Delta2-Isopentenyl)Adenosine	CC(=CCNC1=C2C(=NC(=N1)SC)N(C=N2)C3C(C(C(O3)CO)O)O)C	0.845	124183456;124184248;133126369;616465;131637359;161337	COCONUT:(CNP0200947);HMDB:(HMDB0301782);CHEBI:(62875);SUPERNATURAL:(SN0404425);MESH:(161337);FooDB:(FDB001401);PUBCHEM:(124183456 124184248 133126369 616465 131637359 161337);DSSTox:(DTXSID30943113);LOTUS:(Q110079332 Q27132248);PUBMED;KNAPSACK:(VZQXUWKZDSEQRR-UHFFFAOYSA-N)	138247405694	382.153	222	3.698	875207275806964873	875205246212619044	875205246212619043	20766	
1	6	0.763	0.892	-74.061		0.000	121.359	C26H43NO7S	[M + H]+	C26H44NO7S+	VOUKAYFXXSUOGA	InChI=1S/C26H43NO7S/c1-15(4-7-23(31)27-10-11-35(32,33)34)18-5-6-19-24-20(14-22(30)26(18,19)3)25(2)9-8-17(28)12-16(25)13-21(24)29/h15-16,18-22,24,29-30H,4-14H2,1-3H3,(H,27,31)(H,32,33,34)		CC(CCC(=O)NCCS(=O)(=O)O)C1CCC2C1(C(CC3C2C(CC4C3(CCC(=O)C4)C)O)O)C	1.800	101042107;14648171;146035658;145740514	COCONUT:(CNP0471313);CHEBI:(176834);SUPERNATURAL:(SN0396063);PUBCHEM:(101042107 14648171 146035658 145740514);GNPS:(CCMSLIB00005465789)	3149858	514.282	228	3.793	875207458787671203	875205245067573952	875205245063379647	3287	
1	5	0.143	0.143	-200.805		0.000	112.300	C18H34O9	[M + Na]+	C18H34NaO9+	MELPOKZKUFNHEK	InChI=1S/C18H34O9/c1-3-4-5-6-7-24-17-12(8-11(20)13(9-19)27-17)26-18-16(23)15(22)14(21)10(2)25-18/h10-23H,3-9H2,1-2H3	(2S,3S,4R,5S,6S)-2-[(2R,3R,5R,6R)-2-hexoxy-5-hydroxy-6-(hydroxymethyl)oxan-3-yl]oxy-6-methyloxane-3,4,5-triol	CCCCCCOC1C(CC(C(O1)CO)O)OC2C(C(C(C(O2)C)O)O)O	0.200	5288074	PUBCHEMANNOTATIONBIO;PUBCHEM:(5288074)	16777218	417.208	233	3.882	875207355234499736	875205245289872080	875205245289872079	7038	
1	1	0.086	0.086	-411.926		0.984	27.995	C20H38N6O7	[M + H]+	C20H39N6O7+	CFMMHIRXEPLFBY	InChI=1S/C20H38N6O7/c1-11(22)17(29)25-14(10-27)7-8-16(28)26-15(6-4-5-9-21)19(31)23-12(2)18(30)24-13(3)20(32)33/h11-15,27H,4-10,21-22H2,1-3H3,(H,23,31)(H,24,30)(H,25,29)(H,26,28)(H,32,33)	N(1)Lys-D-Ala-D-Ala-OH.H-Ala-D-Glu(1)-ol	CC(C(=O)NC(CCC(=O)NC(CCCCN)C(=O)NC(C)C(=O)NC(C)C(=O)O)CO)N	-5.000	146160399;146160400	PUBCHEMANNOTATIONBIO;PUBCHEM:(146160399 146160400)	16777218	475.286	233	3.890	875207502295186622	875205246208424736	875205246204230431	15416	
1	2	0.239	0.239	-289.549		0.000	186.856	C21H41NO4	[M + K]+	C21H41KNO4+	CLHUCXCVFSEJRR	InChI=1S/C21H41NO4/c1-2-3-4-5-6-7-8-9-10-11-12-13-14-15-16-17-20(24)22-19(18-23)21(25)26/h19,23H,2-18H2,1H3,(H,22,24)(H,25,26)	3-Hydroxy-2-(octadecanoylamino)propanoic acid	CCCCCCCCCCCCCCCCCC(=O)NC(CO)C(=O)O	6.900	21522464;6453688	PUBCHEMANNOTATIONBIO;NORMAN:(NS00052522);HMDB:(HMDB0241949);CHEBI:(165572);LIPIDMAPS:(LMFA08020102);MESH:(6453688);PUBCHEM:(21522464 6453688);DSSTox:(DTXSID00207431);PUBMED	139603476590	410.268	234	3.905	875207736509316333	875205246099372820	875205246095178515	11328	
1	1	0.026	0.026	-167.649		0.852	43.063	C11H24N2O6	[M + H]+	C11H25N2O6+	IFDZNVFJNBZFBR	InChI=1S/C11H24N2O6/c14-4-10(5-15,6-16)12-2-1-3-13-11(7-17)8-18-19-9-11/h12-17H,1-9H2	2-(Hydroxymethyl)-2-[3-[[4-(hydroxymethyl)dioxolan-4-yl]amino]propylamino]propane-1,3-diol	C1C(COO1)(CO)NCCCNC(CO)(CO)CO	-3.000	20789394	PUBCHEMANNOTATIONBIO;PUBCHEM:(20789394)	16777218	281.171	238	3.967	875207579055144150	875205243968666216	875205243964471911	9974	
1	1	0.112	0.112	-47.435		1.000	52.946	C16H16	[M + H]+	C16H17+	MUZMRKGPXHDTOF	InChI=1S/C16H16/c1-12-8-4-6-10-15(12)14(3)16-11-7-5-9-13(16)2/h4-11H,3H2,1-2H3	1,1-Di-o-tolylethylene	CC1=CC=CC=C1C(=C)C2=CC=CC=C2C	5.300	137764	PUBCHEM:(137764);DSSTox:(DTXSID60183444)	137438953474	209.132	241	4.016	875207576387566796	875205243821865564	875205243817671259	2132	
1	1	0.061	0.061	-95.676		1.000	218.683	C16H18O	[M + H]+	C16H19O+	SKODEUFDEDHSSM	InChI=1S/C16H18O/c1-3-16(17)14(2)10-6-4-7-11-15-12-8-5-9-13-15/h4-13H,3H2,1-2H3	4-methyl-9-phenylnona-4,6,8-trien-3-one	CCC(=O)C(=CC=CC=CC1=CC=CC=C1)C	4.200	102318871;162979869	COCONUT:(CNP0251927);SUPERNATURAL:(SN0348088);PUBCHEM:(102318871 162979869);LOTUS:(Q105254955 Q105254954)	271581186	227.143	241	4.016	875207591482866913	875205244643949212	875205244643949211	2706	
1	1	0.074	0.074	-131.358		1.000	100.841	C17H20	[M + H]+	C17H21+	XIAHSJTUQAWUAW	InChI=1S/C17H20/c1-13-5-9-15(10-6-13)17(3,4)16-11-7-14(2)8-12-16/h5-12H,1-4H3	1-methyl-4-[2-(4-methylphenyl)propan-2-yl]benzene	CC1=CC=C(C=C1)C(C)(C)C2=CC=C(C=C2)C	5.400	264852	COCONUT:(CNP0026637);PUBCHEMANNOTATIONSAFETYANDTOXIC;PUBCHEM:(264852);DSSTox:(DTXSID3046243);PUBMED	137508159554	225.163	243	4.044	875207746927967478	875205245520558820	875205245520558819	7265	
1	10	0.063	0.063	-477.067		0.000	59.066	C59H79NO9	[M + K]+	C59H79KNO9+	XMHFPIIPKWHZTJ	InChI=1S/C59H79NO9/c1-34(35-10-3-4-11-35)37-15-16-44-52-56(40(19-25-68-52)17-23-53(56)20-7-8-21-53)32-55(33-62)47-18-24-54-22-6-5-12-36-13-9-14-38(31-61)41(36)28-46(60-2)42-26-39(49(54)43-29-48(63)69-50(42)43)30-57(54,65)59(47,67)51(64)45(27-37)58(44,55)66/h9,13-14,29,33-35,37,39-40,42,44-47,49-52,60-61,64-67H,3-4,6-8,10-11,15-28,30-32H2,1-2H3	32'-(1-cyclopentylethyl)-27',28',29',46'-tetrahydroxy-14'-(hydroxymethyl)-17'-(methylamino)-21'-oxo-20',37'-dioxaspiro[cyclopentane-1,43'-undecacyclo[28.15.1.1¹⁸,²⁵.0²,²⁸.0⁵,²⁴.0⁵,²⁷.0¹⁰,¹⁵.0¹⁹,²³.0³⁵,⁴⁶.0³⁶,⁴⁴.0⁴⁰,⁴⁴]heptatetracontane]-10',12',14',22'-tetraen-8'-yne-1'-carbaldehyde	CC(C1CCCC1)C2CCC3C4C5(CC6(C3(C(C2)C(C7(C6CCC89C7(CC1C8C2=CC(=O)OC2C(C1)C(CC1=C(C=CC=C1CO)C#CCC9)NC)O)O)O)O)C=O)C(CCC51CCCC1)CCO4	7.800	162950134;162950135	COCONUT:(CNP0220856);TeroMol:(TKC178130);SUPERNATURAL:(SN0434116);PUBCHEM:(162950134 162950135)	11534338	984.532	243	4.052	875208230090831686	875205245856103168	875205245851908863	7461	
1	2	0.312	0.312	-223.869		0.327	31.049	C21H37N7O4	[M + H]+	C21H38N7O4+	HSJKHMZDBGZNLR	InChI=1S/C21H37N7O4/c1-13(2)17(27-18(30)15-7-4-9-24-15)20(32)28-11-5-8-16(28)19(31)26-14(12-29)6-3-10-25-21(22)23/h12-17,24H,3-11H2,1-2H3,(H,26,31)(H,27,30)(H4,22,23,25)	H-Pro-Val-Pro-Arg-al	CC(C)C(C(=O)N1CCCC1C(=O)NC(CCCN=C(N)N)C=O)NC(=O)C2CCCN2	-0.800	155817619	PUBCHEMANNOTATIONBIO;PUBCHEM:(155817619)	16777218	452.297	243	4.052	875207859347898842	875205246049041168	875205246044846863	14446	
1	2	0.073	0.073	-145.470		0.004	59.046	C19H39N5O9	[M + Na]+	C19H39N5NaO9+	UDHCZXKGNKQEEY	InChI=1S/C19H39N5O9/c1-24-12-13(27)11(5-25)31-19(14(12)28)33-17-7(22)2-6(21)16(15(17)29)32-18-8(23)3-9(26)10(4-20)30-18/h6-19,24-29H,2-5,20-23H2,1H3	2-[(4,6-diamino-3-{[3-amino-6-(aminomethyl)-5-hydroxyoxan-2-yl]oxy}-2-hydroxycyclohexyl)oxy]-6-(hydroxymethyl)-4-(methylamino)oxane-3,5-diol	CNC1C(C(OC(C1O)OC2C(CC(C(C2O)OC3C(CC(C(O3)CN)O)N)N)N)CO)O	-5.700	162954513;131750121	PUBCHEMANNOTATIONBIO;COCONUT:(CNP0225427);SUPERNATURAL:(SN0367370);PUBCHEM:(162954513 131750121)	19922946	504.270	244	4.061	875207898451395286	875205245902240516	875205245898046211	8322	
1	5	0.249	0.381	-156.611		0.006	45.286	C10H19N3O4	[M + K]+	C10H19KN3O4+	SMCGQGDVTPFXKB	InChI=1S/C10H19N3O4/c1-5(2)8(10(16)17)13-7(14)4-12-9(15)6(3)11/h5-6,8H,4,11H2,1-3H3,(H,12,15)(H,13,14)(H,16,17)	2-[[2-(2-Aminopropanoylamino)acetyl]amino]-3-methylbutanoic acid	CC(C)C(C(=O)O)NC(=O)CNC(=O)C(C)N	-1.228	13969943;49864477	CHEBI:(158200);PUBCHEM:(13969943 49864477);DSSTox:(DTXSID30678812);PUBMED	137438953570	284.102	246	4.105	875207887479095872	875205244690086560	875205244690086559	2826	
1	3	0.679	0.679	-217.109		0.026	54.711	C22H37N5O10	[M + Na]+	C22H37N5NaO10+	OCDGIPCZNDLMRU	InChI=1S/C22H37N5O10/c1-5-10(2)17(26-19(34)11(3)23)21(36)25-14(6-7-15(30)31)20(35)27-18(12(4)29)22(37)24-13(9-28)8-16(32)33/h9-14,17-18,29H,5-8,23H2,1-4H3,(H,24,37)(H,25,36)(H,26,34)(H,27,35)(H,30,31)(H,32,33)	H-Ala-Ile-Glu-Thr-Asp-al	CCC(C)C(C(=O)NC(CCC(=O)O)C(=O)NC(C(C)O)C(=O)NC(CC(=O)O)C=O)NC(=O)C(C)N	-4.800	25229554	PUBCHEMANNOTATIONBIO;PUBCHEM:(25229554)	16777218	554.244	248	4.130	875207922816119932	875205245759634168	875205245759634167	8685	
1	1	0.250	0.276	-60.795		1.000	206.455	C12H18O	[M + H]+	C12H19O+	HABLRVJHEDGWBT	InChI=1S/C12H18O/c1-10(2)12-7-5-11(6-8-12)4-3-9-13/h5,9,12H,1,3-4,6-8H2,2H3	1-Cyclohexene-1-propanal, 4-(1-methylethenyl)-	CC(=C)C1CCC(=CC1)CCC=O	2.700	92256206;103796	NORMAN:(NS00059056);PUBCHEM:(92256206 103796);DSSTox:(DTXSID50886058)	137439215618	179.142	255	4.243	875207895385359016	875205244736223908	875205244732029603	10991	
1	1	0.157	0.157	-67.387		1.000	86.721	C12H16	[M + H]+	C12H17+	FWLOQFXAPUFMRT	InChI=1S/C12H16/c1-9-7-11-5-3-4-6-12(11)8-10(9)2/h3-4H,5-8H2,1-2H3	2,3-Dimethyl-1,4,5,8-tetrahydronaphthalene	CC1=C(CC2=C(C1)CC=CC2)C	2.200	4581093	PUBCHEMANNOTATIONSAFETYANDTOXIC;PUBCHEM:(4581093)	67108866	161.132	255	4.252	875207900837954900	875205245386341080	875205245386341079	20252	
1	2	0.059	0.059	-61.672		0.124	122.056	C12H20O2	[M + H]+	C12H21O2+	DQNSRQYYCSXZDF	InChI=1S/C12H20O2/c1-3-13-9-11-5-7-12(8-6-11)10-14-4-2/h3-4,11-12H,1-2,5-10H2	1,4-Bis((vinyloxy)methyl)cyclohexane	C=COCC1CCC(CC1)COC=C	3.100	3437285	NORMAN:(NS00020059);PUBCHEMANNOTATIONSAFETYANDTOXIC;PUBCHEM:(3437285);DSSTox:(DTXSID0044604);PUBMED	137506324546	197.153	255	4.255	875207907917951210	875205245998709516	875205245994515211	29958	
1	3	0.052	0.052	-190.402		0.228	31.049	C24H44O11	[M + Na]+	C24H44NaO11+	FTXJXYQFGHZUNL	InChI=1S/C24H44O11/c1-2-3-4-5-6-7-8-9-10-11-12-30-23-20(29)22-21(15(13-25)32-23)34-24-19(28)18(27)17(26)16(33-24)14-31-35-22/h15-29H,2-14H2,1H3	(1R,3R,4R,6R,7R,8R,12R,13S,14S,15R)-6-dodecoxy-4-(hydroxymethyl)-2,5,9,10,16-pentaoxatricyclo[10.3.1.03,8]hexadecane-7,13,14,15-tetrol	CCCCCCCCCCCCOC1C(C2C(C(O1)CO)OC3C(C(C(C(O3)COO2)O)O)O)O	1.900	154702506	PUBCHEMANNOTATIONBIO;PUBCHEM:(154702506)	16777218	531.275	256	4.264	875207936405664907	875205244920773300	875205244916578995	8116	
1	1	0.138	0.138	-48.237		1.000	135.506	C14H22	[M + H]+	C14H23+	NFHLNYDFUOUFPZ	InChI=1S/C14H22/c1-12-6-5-10-14(3,4)11-9-13(2)8-7-12/h5,9-10H,1,6-8,11H2,2-4H3	(1E,5Z)-1,4,4-trimethyl-8-methylidenecyclodeca-1,5-diene	CC1=CCC(C=CCC(=C)CC1)(C)C	4.200	74409511;25229928;133667540	SUPERNATURAL:(SN0243955);PUBCHEM:(74409511 25229928 133667540)	1048578	191.179	275	4.577	875207924145714308	875205245122099908	875205245122099907	18557	
1	1	0.051	0.051	-216.540		0.993	42.083	C14H24N6O2	[M + H]+	C14H25N6O2+	STMUEQIOHMKRDF	InChI=1S/C14H24N6O2/c15-13-17-11(21)9-19(13)7-5-3-1-2-4-6-8-20-10-12(22)18-14(20)16/h1-10H2,(H2,15,17,21)(H2,16,18,22)	2-amino-3-[8-(2-imino-4-oxoimidazolidin-1-yl)octyl]-4H-imidazol-5-one	C1C(=O)N=C(N1CCCCCCCCN2CC(=O)N=C2N)N	-0.100	139591956;164512158;44145351	NORMAN:(NS00040076);PUBCHEM:(139591956 164512158 44145351);DSSTox:(DTXSID90240630)	137439215618	309.203	276	4.597	875207910002520312	875205244828498604	875205244824304299	11016	
1	2	0.161	0.161	-320.162		0.002	85.399	C21H33N3O5	[M + Na]+	C21H33N3NaO5+	IMTYLWONEURTCT	InChI=1S/C21H33N3O5/c1-16-14-17(25)19(27)20(29-16)21(4-12-28-13-5-21)15-18(26)22-6-3-7-24-10-8-23(2)9-11-24/h14,27H,3-13,15H2,1-2H3,(H,22,26)	2-[4-(3-hydroxy-6-methyl-4-oxo-4H-pyran-2-yl)oxan-4-yl]-N-[3-(4-methylpiperazin-1-yl)propyl]acetamide	CC1=CC(=O)C(=C(O1)C2(CCOCC2)CC(=O)NCCCN3CCN(CC3)C)O	0.200	135638870	COCONUT:(CNP0392448);SUPERNATURAL:(SN0149749);PUBCHEM:(135638870)	3145730	430.232	276	4.600	875207969104458916	875205244442622604	875205244438428299	14034	
1	1	0.666	0.976	-88.253		1.000	169.949	C26H43NO6S	[M + H]+	C26H44NO6S+	QNRIYEYAHVEGQJ	InChI=1S/C26H43NO6S/c1-16(4-7-23(30)27-12-13-34(31,32)33)19-5-6-20-24-21(9-11-26(19,20)3)25(2)10-8-18(28)14-17(25)15-22(24)29/h16-21,24,28H,4-15H2,1-3H3,(H,27,30)(H,31,32,33)		CC(CCC(=O)NCCS(=O)(=O)O)C1CCC2C1(CCC3C2C(=O)CC4C3(CCC(C4)O)C)C	3.300	87272052;50987455;129626818;10323609;54237622;54237623;121245522;13955641;195866	COCONUT:(CNP0463903);MiMeDB:(MMDBc0055626);CHEBI:(137724 138384);SUPERNATURAL:(SN0310359);MESH:(195866 10323609);PUBCHEM:(87272052 50987455 129626818 10323609 54237622 54237623 121245522 13955641 195866);DSSTox:(DTXSID60997205);GNPS:(CCMSLIB00005465561);PUBCHEMANNOTATIONDRUG;PUBMED	138549399654	498.287	278	4.627	875207987873969335	875205245235346124	875205245231151819	4434	
1	1	0.165	0.165	-184.661		0.822	32.694	C26H46O12	[M + Na]+	C26H46NaO12+	RLHRLBNJCYNCSY	InChI=1S/C26H46O12/c1-4-5-6-7-8-9-10-11-12-13-22(32)38-24-23(33)21(16-34-17(2)28)37-26(25(24)36-18(3)29)35-15-20(31)19(30)14-27/h19-21,23-27,30-31,33H,4-16H2,1-3H3	3-(acetyloxy)-6-[(acetyloxy)methyl]-5-hydroxy-2-(2,3,4-trihydroxybutoxy)oxan-4-yl dodecanoate	CCCCCCCCCCCC(=O)OC1C(C(OC(C1OC(=O)C)OCC(C(CO)O)O)COC(=O)C)O	2.400	125416302;156602965	COCONUT:(CNP0087074);SUPERNATURAL:(SN0328509);PUBCHEM:(125416302 156602965)	3145730	573.286	278	4.632	875207974905181357	875205244245490300	875205244241295995	1865	
1	2	0.041	0.041	-228.064		0.009	37.984	C22H40O10	[M + Na]+	C22H40NaO10+	OPBBSKOPKBAUHX	InChI=1S/C22H40O10/c1-11-20(23)14(24-4)8-18(28-11)31-22-13(3)30-19(10-16(22)26-6)32-21-12(2)29-17(27-7)9-15(21)25-5/h11-23H,8-10H2,1-7H3	6-({6-[(4,6-dimethoxy-2-methyloxan-3-yl)oxy]-4-methoxy-2-methyloxan-3-yl}oxy)-4-methoxy-2-methyloxan-3-ol	CC1C(C(CC(O1)OC2C(OC(CC2OC)OC3C(OC(CC3OC)OC)C)C)OC)O	0.800	102031975;102031976;101921400;101921401;162853725;162853726	COCONUT:(CNP0116387);SUPERNATURAL:(SN0271425);PUBCHEM:(102031975 102031976 101921400 101921401 162853725 162853726)	3145730	487.250	285	4.753	875207919951410289	875205244782361256	875205244778166951	3994	
1	1	0.881	0.881	-171.481		0.963	78.179	C28H48O13	[M + Na]+	C28H48NaO13+	ZXONCHMIIHLRHD	InChI=1S/C28H48O13/c1-5-6-7-8-9-10-11-12-13-14-24(35)41-26-25(38-19(3)31)23(17-36-18(2)30)40-28(27(26)39-20(4)32)37-16-22(34)21(33)15-29/h21-23,25-29,33-34H,5-17H2,1-4H3	3,5-bis(acetyloxy)-2-[(acetyloxy)methyl]-6-(2,3,4-trihydroxybutoxy)oxan-4-yl dodecanoate	CCCCCCCCCCCC(=O)OC1C(C(OC(C1OC(=O)C)OCC(C(CO)O)O)COC(=O)C)OC(=O)C	2.900	76410062;56773948;133562243	COCONUT:(CNP0287082);SUPERNATURAL:(SN0482978);PUBCHEM:(76410062 56773948 133562243);GNPS:(CCMSLIB00000848199)	3149826	615.296	286	4.758	875208117402465956	875205244018997868	875205244014803563	1703	
1	1	0.140	0.140	-304.002		0.982	50.829	C26H48O11	[M + Na]+	C26H48NaO11+	ZZMOUVIMWCRXAF	InChI=1S/C26H48O11/c1-16(34-25-19(29)14-18(28)17(2)35-25)12-10-8-6-4-3-5-7-9-11-13-21(30)37-26-24(33)23(32)22(31)20(15-27)36-26/h16-20,22-29,31-33H,3-15H2,1-2H3	3,4,5-trihydroxy-6-(hydroxymethyl)oxan-2-yl 13-[(3,5-dihydroxy-6-methyloxan-2-yl)oxy]tetradecanoate	CC1C(CC(C(O1)OC(C)CCCCCCCCCCCC(=O)OC2C(C(C(C(O2)CO)O)O)O)O)O	2.400	86289881;162822000	COCONUT:(CNP0083088);CHEBI:(79306);LIPIDMAPS:(LMFA13040099);SUPERNATURAL:(SN0484508);PUBCHEM:(86289881 162822000);DSSTox:(DTXSID001121956)	139589582882	559.307	286	4.762	875207997889967308	875205242387413504	875205242383219199	1178	
1	1	0.316	0.316	-255.465		0.985	40.657	C20H40N6O8	[M + Na]+	C20H40N6NaO8+	BHTSRUOWJDNSOG	InChI=1S/C20H40N6O8/c1-16(27)23-6-8-31-10-12-34-15-19(29)25-7-9-32-11-13-33-14-18(28)24-5-3-2-4-17(26-22)20(21)30/h17,26H,2-15,22H2,1H3,(H2,21,30)(H,23,27)(H,24,28)(H,25,29)	(2S)-6-[[2-[2-[2-[[2-[2-(2-acetamidoethoxy)ethoxy]acetyl]amino]ethoxy]ethoxy]acetyl]amino]-2-hydrazinylhexanamide	CC(=O)NCCOCCOCC(=O)NCCOCCOCC(=O)NCCCCC(C(=O)N)NN	-3.500	89608564	PUBCHEM:(89608564)	2	515.281	287	4.785	875207939471701139	875205244589423256	875205244589423255	7801	
1	1	0.167	0.173	-67.982		1.000	269.758	C14H22O	[M + H]+	C14H23O+	OPMMVURHZYBANA	InChI=1S/C14H22O/c1-11(2)5-4-6-13-7-9-14(10-8-13)12(3)15/h5,7,14H,4,6,8-10H2,1-3H3	1-[4-(4-methylpent-3-en-1-yl)cyclohex-3-en-1-yl]ethan-1-one	CC(=CCCC1=CCC(CC1)C(=O)C)C	3.200	3016011;1761645;1761646	COCONUT:(CNP0217929);NORMAN:(NS00059457);TeroMol:(TKC177700);SUPERNATURAL:(SN0271776);PUBCHEM:(3016011 1761645 1761646);LOTUS:(Q115947721)	280231938	207.174	287	4.788	875207998535890134	875205245172431560	875205245168237255	8391	
1	1	0.031	0.031	-76.291		1.000	126.292	C14H20	[M + H]+	C14H21+	BVTCHBNCNJEJTD	InChI=1S/C14H20/c1-2-4-6-8-10-12-14-13-11-9-7-5-3-1/h1-5,10-14H2	1,8-Cyclotetradecadiyne	C1CCC#CCCCCCC#CCC1	5.200	137070	PUBCHEMANNOTATIONSAFETYANDTOXIC;PUBCHEM:(137070);DSSTox:(DTXSID30165515)	137506062338	189.163	288	4.795	875207942583874717	875205244874635952	875205244870441647	10087	
1	8	0.071	0.071	-283.414		0.000	173.423	C20H38N6O5	[M + Na]+	C20H38N6NaO5+	OLNJKAXRBXUBTB	InChI=1S/C20H38N6O5/c1-11(2)9-15(24-13(5)27)17(28)26-16(10-12(3)4)18(29)25-14(19(30)31)7-6-8-23-20(21)22/h11-12,14-16H,6-10H2,1-5H3,(H,24,27)(H,25,29)(H,26,28)(H,30,31)(H4,21,22,23)	Leupeptin Acid	CC(C)CC(C(=O)NC(CC(C)C)C(=O)NC(CCCN=C(N)N)C(=O)O)NC(=O)C	0.500	13146026;65306;189069;446545	PUBCHEMANNOTATIONBIO;COCONUT:(CNP0377781);SUPERNATURAL:(SN0268787);MESH:(189069);PUBCHEM:(13146026 65306 189069 446545);DSSTox:(DTXSID70178846);PUBMED	137458876486	465.285	288	4.799	875208052776629812	875205244140632692	875205244136438387	18410	
1	1	0.038	0.038	-317.276		1.000	70.751	C26H44N6O10	[M + H]+	C26H45N6O10+	AIIMEDSYFQMYRL	InChI=1S/C26H44N6O10/c1-12(2)9-17(23(38)28-14(5)26(41)42)31-25(40)19(11-21(35)36)32-24(39)18(10-13(3)4)30-22(37)16(29-15(6)33)7-8-20(27)34/h12-14,16-19H,7-11H2,1-6H3,(H2,27,34)(H,28,38)(H,29,33)(H,30,37)(H,31,40)(H,32,39)(H,35,36)(H,41,42)	Ac-Gln-Leu-Asp-Leu-Ala-OH	CC(C)CC(C(=O)NC(CC(=O)O)C(=O)NC(CC(C)C)C(=O)NC(C)C(=O)O)NC(=O)C(CCC(=O)N)NC(=O)C	-1.054	71305080	PUBCHEMANNOTATIONBIO;PUBCHEM:(71305080);PUBMED	16777282	601.317	292	4.870	875208184402278131	875205242320304636	875205242316110331	653	
1	2	0.531	0.531	-140.975		0.000	270.874	C24H48O8	[M + Na]+	C24H48NaO8+	IGIPFDRIGNFVLG	InChI=1S/C24H48O8/c1-2-3-4-11-14-19(26)15-12-9-7-5-6-8-10-13-16-22(29)32-18-21(28)24(31)23(30)20(27)17-25/h19-21,23-28,30-31H,2-18H2,1H3	D-Glucitol mono(12-hydroxystearate)	CCCCCCC(CCCCCCCCCCC(=O)OCC(C(C(C(CO)O)O)O)O)O	3.500	74933699;44145478	NORMAN:(NS00064924);PUBCHEM:(74933699 44145478);DSSTox:(DTXSID00240343)	137439215618	487.325	297	4.947	875208057356809784	875205245570890472	875205245570890471	6546	
1	1	0.652	0.652	-146.981		1.000	223.519	C22H40O6	[M + H]+	C22H41O6+	LVUBILGEUABGIC	InChI=1S/C22H40O6/c1-2-3-4-5-6-7-8-9-10-11-12-13-14-15-20(25)27-17-19(24)22-21(26)18(23)16-28-22/h7-8,18-19,21-24,26H,2-6,9-17H2,1H3	[2-(3,4-dihydroxyoxolan-2-yl)-2-hydroxyethyl] (E)-hexadec-9-enoate	CCCCCCC=CCCCCCCCC(=O)OCC(C1C(C(CO1)O)O)O	4.900	71506361	PUBCHEM:(71506361)	2	401.288	298	4.961	875207988863825089	875205245017242300	875205245017242299	929	
1	1	0.211	0.240	-47.150		1.000	130.065	C15H24	[M + H]+	C15H25+	DYZCESKLDGNPIY	InChI=1S/C15H24/c1-13-7-5-8-14(2)10-12-15(3,4)11-6-9-13/h6-7,11H,2,5,8-10,12H2,1,3-4H3	2,6,6-trimethyl-9-methylidenecycloundeca-1,4-diene	CC1=CCCC(=C)CCC(C=CC1)(C)C	4.800	101082500;162909931	COCONUT:(CNP0178672);SUPERNATURAL:(SN0079299);PUBCHEM:(101082500 162909931);LOTUS:(Q104991659)	271581186	205.195	302	5.025	875208079003612789	875205245713496820	875205245713496819	17953	
1	1	0.111	0.111	-271.227		0.985	42.680	C22H38O7	[M + H]+	C22H39O7+	WGVQPPKZKAJDGR	InChI=1S/C22H38O7/c1-5-15(23)11-17-7-10-20(27-17)14(4)22(26)29-16(6-2)12-18-8-9-19(28-18)13(3)21(24)25/h13-20,23H,5-12H2,1-4H3,(H,24,25)	Homononactyl Homononactate	CCC(CC1CCC(O1)C(C)C(=O)OC(CC)CC2CCC(O2)C(C)C(=O)O)O	3.600	124870793;124870794;124870795;124870796;51693111;51693113;51693115;51693117;23872033;139584623;26474499;26474501;26474505;26474509	COCONUT:(CNP0348395);MiMeDB:(MMDBc0006100);CHEBI:(181656);SUPERNATURAL:(SN0409919);PUBCHEM:(124870793 124870794 124870795 124870796 51693111 51693113 51693115 51693117 23872033 139584623 26474499 26474501 26474505 26474509);LOTUS:(Q77372529);GNPS:(CCMSLIB00000847595)	1345327138	415.268	304	5.063	875208081914459770	875205244086106736	875205244086106735	1470	
1	1	0.274	0.274	-135.034		0.395	112.619	C20H40O5	[M + Na]+	C20H40NaO5+	JHCIYWNDTXMKNJ	InChI=1S/C20H40O5/c1-3-4-5-6-8-11-14-18(22)19(23)15-12-9-7-10-13-16-20(24)25-17(2)21/h18-20,22-24H,3-16H2,1-2H3	Erythro-9,10-dihydroxyoctadecan-1-ol acetate	CCCCCCCCC(C(CCCCCCCC(O)OC(=O)C)O)O	5.400	129821703	PUBCHEM:(129821703)	2	383.278	309	5.153	875208077283948138	875205241858931172	875205241854736867	210	
1	3	0.852	0.852	-111.118		0.000	162.566	C24H48O7	[M + Na]+	C24H48NaO7+	KEFRSFBGIAUBNZ	InChI=1S/C24H48O7/c1-2-3-4-5-6-7-8-9-10-11-12-13-14-15-16-17-22(28)31-19-21(27)24(30)23(29)20(26)18-25/h20-21,23-27,29-30H,2-19H2,1H3	[(2R,3R,4R,5S)-2,3,4,5,6-pentahydroxyhexyl] 18-deuteriooctadecanoate	CCCCCCCCCCCCCCCCCC(=O)OCC(C(C(C(CO)O)O)O)O	5.400	53990062;101831012;140207397;13476566;13476567;168612;11669547	NORMAN:(NS00050773);PUBCHEM:(53990062 101831012 140207397 13476566 13476567 168612 11669547)	262146	471.330	315	5.252	875208099371153031	875205245805771516	875205245805771515	354	
1	1	0.808	0.808	-111.959		0.995	252.715	C22H40O6	[M + H]+	C22H41O6+	LVUBILGEUABGIC	InChI=1S/C22H40O6/c1-2-3-4-5-6-7-8-9-10-11-12-13-14-15-20(25)27-17-19(24)22-21(26)18(23)16-28-22/h7-8,18-19,21-24,26H,2-6,9-17H2,1H3	[2-(3,4-dihydroxyoxolan-2-yl)-2-hydroxyethyl] (E)-hexadec-9-enoate	CCCCCCC=CCCCCCCCC(=O)OCC(C1C(C(CO1)O)O)O	4.900	71506361	PUBCHEM:(71506361)	2	401.288	319	5.323	875208067494442591	875205242664237584	875205242660043279	1036	
1	1	0.160	0.160	-176.257		1.000	84.655	C23H38O5	[M + H]+	C23H39O5+	BYWBPIURBJYJMO	InChI=1S/C23H38O5/c1-18(27-20(3)24)16-14-12-10-8-6-4-5-7-9-11-13-15-17-21-19(2)22(25)28-23(21)26/h18H,4-17H2,1-3H3	16-(4-methyl-2,5-dioxo-2,5-dihydrofuran-3-yl)hexadecan-2-yl acetate	CC1=C(C(=O)OC1=O)CCCCCCCCCCCCCCC(C)OC(=O)C	7.500	162918011;334787;11531326	COCONUT:(CNP0187355);SUPERNATURAL:(SN0039225);PUBCHEM:(162918011 334787 11531326);DSSTox:(DTXSID10319195)	137442099202	395.278	321	5.347	875208063195280971	875205245478615776	875205245478615775	820	
1	3	0.196	0.196	-180.834		0.002	146.633	C26H52O9	[M + Na]+	C26H52NaO9+	FIUOZLZFRBEWQZ	InChI=1S/C26H52O9/c1-2-3-4-5-6-7-8-9-10-11-13-30-15-17-32-19-21-34-22-20-33-18-16-31-14-12-26(29)35-24-25(28)23-27/h25,27-28H,2-24H2,1H3	2,3-Dihydroxypropyl 3-[2-[2-[2-(2-dodecoxyethoxy)ethoxy]ethoxy]ethoxy]propanoate	CCCCCCCCCCCCOCCOCCOCCOCCOCCC(=O)OCC(CO)O	3.600	139594901	NORMAN:(NS00095323);PUBCHEM:(139594901)	262146	531.351	322	5.368	875208113879250588	875205242022509036	875205242018314731	214	
1	4	0.213	0.213	-257.714		0.033	171.866	C26H45NO3	[M + Na]+	C26H45NNaO3+	KOCSVLPLQCBIGW	InChI=1S/C26H45NO3/c1-2-3-4-5-6-7-8-9-10-11-12-13-14-15-16-17-26(30)27-21-20-23-18-19-24(28)25(29)22-23/h18-19,22,28-29H,2-17,20-21H2,1H3,(H,27,30)	Stearda	CCCCCCCCCCCCCCCCCC(=O)NCCC1=CC(=C(C=C1)O)O	8.126	10025103	CHEBI:(186909);LIPIDMAPS:(LMFA08020246);MESH:(10025103);PUBCHEM:(10025103);DSSTox:(DTXSID50434391);PUBMED	139586437222	442.323	330	5.494	875208104425289362	875205245948377864	875205245948377863	2996	
1	3	0.048	0.048	-253.547		0.022	41.500	C17H18N6O3	[M + H]+	C17H19N6O3+	HGCGRFPGSORZEN	InChI=1S/C17H18N6O3/c1-21-15-14(16(25)22(2)17(21)26)23(11-18-15)9-8-13(24)20-19-10-12-6-4-3-5-7-12/h3-7,10-11H,8-9H2,1-2H3,(H,20,24)	N-(benzylideneamino)-3-(1,3-dimethyl-2,6-dioxopurin-7-yl)propanamide	CN1C2=C(C(=O)N(C1=O)C)N(C=N2)CCC(=O)NN=CC3=CC=CC=C3	1.182	9553411;5850265;3521162	SUPERNATURAL:(SN0124666);PUBCHEM:(9553411 5850265 3521162);PUBMED	1048642	355.152	454	7.574	875208117968697009	875205245667359472	875205245667359471	9805	
