SAMPLE_NAME,strain_id,species,mean_auc_rate,pls_oof_pred,rf_oof_pred,norm_name,met_fraction,met_fraction_rank_residual_species,copper_auc_rank_residual_species
DBVPG_10075,DBVPG_10075,Cystobasidium sp.,23.04426156,0.030652354531950754,-0.016249418154813476,DBVPG10075,0.0206,1.5063505998114124e-12,-1.7479351299698465e-12
DBVPG_10348,DBVPG_10348,Rhodotorula sp. clade XI,20.48869778,-0.4587674124090897,0.0270763179331179,DBVPG10348,0.0161,3.694822225952521e-13,-44.99999999999994
DBVPG_10383,DBVPG_10383,Rhodotorula kratochvilovae,6.090803432,-0.22786685626786737,-0.174504957078267,DBVPG10383,0.0156,-3.1263880373444413e-13,-1.3333333333336697
DBVPG_10619,DBVPG_10619,Rhodotorula mucilaginosa,23.11930936,-0.2099434495063514,-0.08338974660938905,DBVPG10619,0.0166,-61.358247422680165,-25.448453608247377
DBVPG_10753,DBVPG_10753,Rhodotorula kratochvilovae,7.930578463,0.0946620172306165,0.24894841449507424,DBVPG10753,0.0156,-3.1263880373444413e-13,1.6666666666663303
DBVPG_10780,DBVPG_10780,Rhodotorula mucilaginosa,21.50649406,0.2583619537682675,0.06067764941876433,DBVPG10780,0.0167,37.64175257731984,-79.44845360824738
DBVPG_10842,DBVPG_10842,Rhodotorula mucilaginosa,25.3874702,-0.6247680681331453,-0.5360421538793022,DBVPG10842,0.0167,37.64175257731984,72.55154639175262
DBVPG_10882,DBVPG_10882,Rhodotorula mucilaginosa,19.87415163,-0.7451739133588351,0.28840540201502396,DBVPG10882,0.0167,37.64175257731984,-104.44845360824738
DBVPG_10886,DBVPG_10886,Rhodotorula mucilaginosa,17.90002517,-0.10751021464379426,0.21703068153175528,DBVPG10886,0.0167,37.64175257731984,-120.44845360824738
DBVPG_10937,DBVPG_10937,Rhodotorula mucilaginosa,23.11374415,0.574555520890337,0.03411640178749797,DBVPG10937,0.0166,-61.358247422680165,-26.448453608247377
DBVPG_3044,DBVPG_3044,Rhodotorula mucilaginosa,13.9927273,0.4909275694508368,0.11224358099881847,DBVPG3044,0.0167,37.64175257731984,-134.44845360824738
DBVPG_3090,DBVPG_3090,Rhodotorula mucilaginosa,25.55786635,0.33302460612588286,-0.013575203502587195,DBVPG3090,0.0167,37.64175257731984,79.55154639175262
DBVPG_3235,DBVPG_3235,Rhodotorula mucilaginosa,21.31939289,0.06841202626306148,0.1107558440031688,DBVPG3235,0.0167,37.64175257731984,-83.44845360824738
DBVPG_3236,DBVPG_3236,Rhodotorula mucilaginosa,2.486686985,0.33196567030593055,-0.0942236453365836,DBVPG3236,0.0167,37.64175257731984,-142.44845360824738
DBVPG_3237,DBVPG_3237,Rhodotorula mucilaginosa,24.78611094,-1.0878239945000847,-0.01252421720860629,DBVPG3237,0.0167,37.64175257731984,48.55154639175262
DBVPG_3238,DBVPG_3238,Rhodotorula mucilaginosa,19.97167451,-0.2959101952673518,0.04380294188730562,DBVPG3238,0.0166,-61.358247422680165,-101.44845360824738
DBVPG_3381,DBVPG_3381,Rhodotorula mucilaginosa,29.83526913,-0.1290118231479956,-0.05134162234068452,DBVPG3381,0.0166,-61.358247422680165,107.55154639175262
DBVPG_3382,DBVPG_3382,Rhodotorula mucilaginosa,26.11511933,0.4504912837234392,0.14470903059081375,DBVPG3382,0.0166,-61.358247422680165,89.55154639175262
DBVPG_3383,DBVPG_3383,Rhodotorula mucilaginosa,25.01741785,-0.49863295748017594,0.07794551550036971,DBVPG3383,0.0166,-61.358247422680165,58.55154639175262
DBVPG_3384,DBVPG_3384,Rhodotorula mucilaginosa,23.70708552,0.4296375271210047,0.1816829990643011,DBVPG3384,0.0167,37.64175257731984,5.551546391752623
DBVPG_3442,DBVPG_3442,Rhodotorula mucilaginosa,23.1692715,0.05509028872811579,0.1054648906226839,DBVPG3442,0.0167,37.64175257731984,-24.448453608247377
DBVPG_3443,DBVPG_3443,Rhodotorula mucilaginosa,23.91237763,-0.13939527048818268,0.2431076901509532,DBVPG3443,0.0167,37.64175257731984,7.551546391752623
DBVPG_3444,DBVPG_3444,Rhodotorula mucilaginosa,21.31550249,-0.28203810733089757,0.17431100106527234,DBVPG3444,0.0167,37.64175257731984,-84.44845360824738
DBVPG_3768,DBVPG_3768,Rhodotorula dairenensis,17.20135239,0.026902542553336073,-0.040430721287375085,DBVPG3768,0.0162,-2.07142857142847,-67.28571428571436
DBVPG_3769,DBVPG_3769,Rhodotorula dairenensis,27.75326403,0.38925367323531945,-0.16002368393067593,DBVPG3769,0.0163,0.92857142857153,159.71428571428564
DBVPG_3770,DBVPG_3770,Rhodotorula dairenensis,18.21835666,-0.01701287289502811,0.07051812092648665,DBVPG3770,0.0162,-2.07142857142847,-58.28571428571436
DBVPG_3772,DBVPG_3772,Rhodotorula dairenensis,22.23849117,0.3752238060692913,-0.11372609894570801,DBVPG3772,0.0162,-2.07142857142847,-6.285714285714363
DBVPG_3773,DBVPG_3773,Rhodotorula dairenensis,22.25502792,-1.1250137806498597,0.005098198457989692,DBVPG3773,0.0163,0.92857142857153,-5.285714285714363
DBVPG_3774,DBVPG_3774,Rhodotorula mucilaginosa,25.47508748,-0.5377875410990209,-0.021190242539251638,DBVPG3774,0.0166,-61.358247422680165,76.55154639175262
DBVPG_3775,DBVPG_3775,Rhodotorula mucilaginosa,22.19352432,0.09838937500095118,-0.07512317812900393,DBVPG3775,0.0167,37.64175257731984,-64.44845360824738
DBVPG_3776,DBVPG_3776,Rhodotorula mucilaginosa,27.47656897,-0.6163912199994686,-0.13496289535868056,DBVPG3776,0.0167,37.64175257731984,100.55154639175262
DBVPG_3777,DBVPG_3777,Rhodotorula mucilaginosa,26.03573514,-0.8181820177793789,0.3021957230746427,DBVPG3777,0.0167,37.64175257731984,88.55154639175262
DBVPG_3778,DBVPG_3778,Rhodotorula mucilaginosa,22.87816217,-0.6772541746239084,0.038537931446930414,DBVPG3778,0.0167,37.64175257731984,-38.44845360824738
DBVPG_3780,DBVPG_3780,Rhodotorula mucilaginosa,23.77218526,0.05336290074327356,0.06322871731003886,DBVPG3780,0.0167,37.64175257731984,6.551546391752623
DBVPG_3854,DBVPG_3854,Rhodotorula mucilaginosa,20.44144313,0.2741312741437127,0.16351593855216878,DBVPG3854,0.0166,-61.358247422680165,-96.44845360824738
DBVPG_3855,DBVPG_3855,Rhodotorula mucilaginosa,17.56352971,0.1270844545117079,-0.1313674413176832,DBVPG3855,0.0166,-61.358247422680165,-123.44845360824738
DBVPG_3856,DBVPG_3856,Rhodotorula mucilaginosa,23.0022899,0.35487050850720897,-0.14085864655295768,DBVPG3856,0.0167,37.64175257731984,-31.448453608247377
DBVPG_3857,DBVPG_3857,Rhodotorula mucilaginosa,19.4866078,0.48079307535325033,0.10829945081712802,DBVPG3857,0.0166,-61.358247422680165,-106.44845360824738
DBVPG_3858,DBVPG_3858,Rhodotorula mucilaginosa,29.07634131,0.2938008332264747,0.20920896971889613,DBVPG3858,0.0167,37.64175257731984,104.55154639175262
DBVPG_3983,DBVPG_3983,Rhodotorula mucilaginosa,23.20333167,-0.594564829885417,-0.2624474801367908,DBVPG3983,0.0167,37.64175257731984,-22.448453608247377
DBVPG_3984,DBVPG_3984,Rhodotorula mucilaginosa,29.25470184,0.29292958305132477,-0.009379964574627433,DBVPG3984,0.0167,37.64175257731984,105.55154639175262
DBVPG_4201,DBVPG_4201,Rhodotorula mucilaginosa,26.74685287,0.10596862245687902,-0.304208005794727,DBVPG4201,0.0167,37.64175257731984,95.55154639175262
DBVPG_4202,DBVPG_4202,Rhodotorula mucilaginosa,25.62148454,-0.36758345089684497,-0.17746832662258177,DBVPG4202,0.0167,37.64175257731984,80.55154639175262
DBVPG_4203,DBVPG_4203,Rhodotorula mucilaginosa,25.43359778,0.13980241010321948,-0.027250309810364044,DBVPG4203,0.0166,-61.358247422680165,74.55154639175262
DBVPG_4304,DBVPG_4304,Rhodotorula mucilaginosa,24.97061722,0.10588743499383774,0.23717918891518688,DBVPG4304,0.0167,37.64175257731984,55.55154639175262
DBVPG_4376,DBVPG_4376,Rhodotorula mucilaginosa,21.5740374,0.1909976475348102,-0.020008109180895167,DBVPG4376,0.0166,-61.358247422680165,-77.44845360824738
DBVPG_4378,DBVPG_4378,Rhodotorula mucilaginosa,22.46932495,-0.2712188614678145,0.061013075191771154,DBVPG4378,0.0167,37.64175257731984,-55.44845360824738
DBVPG_4380,DBVPG_4380,Rhodotorula mucilaginosa,20.38654859,0.20569282676455675,0.1335737392314286,DBVPG4380,0.0168,99.64175257731983,-97.44845360824738
DBVPG_4408,DBVPG_4408,Rhodotorula mucilaginosa,20.26167224,-0.45993222815066104,-0.16461857622094433,DBVPG4408,0.0166,-61.358247422680165,-98.44845360824738
DBVPG_4466,DBVPG_4466,Rhodotorula mucilaginosa,24.32180507,0.9096601750599372,0.06679971757931749,DBVPG4466,0.0167,37.64175257731984,29.551546391752623
DBVPG_4530,DBVPG_4530,Rhodotorula taiwanensis,7.734929112,-0.16891719301858207,0.10767994490448035,DBVPG4530,0.0171,-2.9166666666664014,-13.166666666666586
DBVPG_4531,DBVPG_4531,Rhodotorula taiwanensis,9.787060205,-0.5685398085756378,0.1233038082374435,DBVPG4531,0.0172,0.5833333333335986,-11.166666666666586
DBVPG_4534,DBVPG_4534,Rhodotorula mucilaginosa,18.28030265,-0.7242965386372829,-0.0112692435396165,DBVPG4534,0.0167,37.64175257731984,-114.44845360824738
DBVPG_4618,DBVPG_4618,Rhodotorula mucilaginosa,16.50590093,-0.00951426560623064,-0.057186202274907734,DBVPG4618,0.0167,37.64175257731984,-126.44845360824738
DBVPG_4669,DBVPG_4669,Rhodotorula mucilaginosa,24.00352902,-0.09790845032570047,0.0031644067995663843,DBVPG4669,0.0166,-61.358247422680165,14.551546391752623
DBVPG_4920,DBVPG_4920,Rhodotorula mucilaginosa,20.93218639,-0.2611264336064453,-0.3520612201110827,DBVPG4920,0.0167,37.64175257731984,-91.44845360824738
DBVPG_4945,DBVPG_4945,Rhodotorula mucilaginosa,25.51658548,-0.05020025739597945,0.013115844087328717,DBVPG4945,0.0167,37.64175257731984,78.55154639175262
DBVPG_4946,DBVPG_4946,Rhodotorula mucilaginosa,25.10678564,0.8244875808846256,0.04804305382803877,DBVPG4946,0.0167,37.64175257731984,63.55154639175262
DBVPG_4947,DBVPG_4947,Rhodotorula mucilaginosa,29.32687081,0.037827118568553496,0.047017767040526334,DBVPG4947,0.0167,37.64175257731984,106.55154639175262
DBVPG_4949,DBVPG_4949,Rhodotorula mucilaginosa,22.35962909,-0.14798004538611195,0.2149007180632519,DBVPG4949,0.0166,-61.358247422680165,-57.44845360824738
DBVPG_4956,DBVPG_4956,Rhodotorula mucilaginosa,24.30947492,-0.40421034214368573,-0.19771085765195945,DBVPG4956,0.0166,-61.358247422680165,28.551546391752623
DBVPG_4957,DBVPG_4957,Rhodotorula mucilaginosa,23.32944024,-1.2159971165965193,-0.07164153951062831,DBVPG4957,0.0166,-61.358247422680165,-16.448453608247377
DBVPG_4958,DBVPG_4958,Rhodotorula mucilaginosa,19.57003458,-0.020042206711816356,0.0036279760003962752,DBVPG4958,0.0166,-61.358247422680165,-105.44845360824738
DBVPG_4962,DBVPG_4962,Rhodotorula mucilaginosa,24.83513627,0.4098268672213077,-0.14963204900740648,DBVPG4962,0.0167,37.64175257731984,49.55154639175262
DBVPG_4963,DBVPG_4963,Rhodotorula mucilaginosa,23.21289994,0.3354368500880444,0.16431302639970893,DBVPG4963,0.0167,37.64175257731984,-21.448453608247377
DBVPG_4964,DBVPG_4964,Rhodotorula mucilaginosa,16.21948858,0.19976045403588605,-0.06688067711866869,DBVPG4964,0.0167,37.64175257731984,-128.44845360824738
DBVPG_5225,DBVPG_5225,Rhodotorula mucilaginosa,24.13093889,0.10032335066445242,-0.10000935779824337,DBVPG5225,0.0167,37.64175257731984,21.551546391752623
DBVPG_5226,DBVPG_5226,Rhodotorula mucilaginosa,27.48222749,-0.2391446796288892,-0.4336534536757126,DBVPG5226,0.0167,37.64175257731984,101.55154639175262
DBVPG_5227,DBVPG_5227,Rhodotorula mucilaginosa,22.56044183,0.44466660353973675,0.17573971515261788,DBVPG5227,0.0167,37.64175257731984,-50.44845360824738
DBVPG_5228,DBVPG_5228,Rhodotorula mucilaginosa,23.42394362,0.4019907497180002,-0.31624918672153235,DBVPG5228,0.0167,37.64175257731984,-13.448453608247377
DBVPG_5229,DBVPG_5229,Rhodotorula mucilaginosa,21.72444256,-1.7720010696056234,0.23337359917159578,DBVPG5229,0.0166,-61.358247422680165,-73.44845360824738
DBVPG_5235,DBVPG_5235,Rhodotorula mucilaginosa,24.8936214,2.612184014698274,0.048728282259671296,DBVPG5235,0.0166,-61.358247422680165,52.55154639175262
DBVPG_5236,DBVPG_5236,Rhodotorula mucilaginosa,23.46507539,0.4899099598755527,0.15807581745666013,DBVPG5236,0.0167,37.64175257731984,-7.448453608247377
DBVPG_5757,DBVPG_5757,Rhodotorula mucilaginosa,18.16158768,-0.37940478213338563,-0.3735993052215049,DBVPG5757,0.0166,-61.358247422680165,-117.44845360824738
DBVPG_5758,DBVPG_5758,Rhodotorula mucilaginosa,21.50761609,0.34975065986810916,-0.010127364198168337,DBVPG5758,0.0166,-61.358247422680165,-78.44845360824738
DBVPG_5759,DBVPG_5759,Rhodotorula mucilaginosa,19.2848049,-0.5514612027342941,-0.2021826289200121,DBVPG5759,0.0166,-61.358247422680165,-107.44845360824738
DBVPG_6081,DBVPG_6081,Rhodotorula glutinis,20.5027828,0.5775744971340143,0.09353791441072883,DBVPG6081,0.0151,-5.684341886080803e-14,8.526512829121202e-14
DBVPG_6083,DBVPG_6083,Rhodotorula graminis,17.64377574,0.11079557597994635,-0.20175084968308354,DBVPG6083,0.016,4.250000000000057,6.999999999999886
DBVPG_6091,DBVPG_6091,Rhodotorula mucilaginosa,24.91900263,0.003072786051248939,0.25531744843886894,DBVPG6091,0.0167,37.64175257731984,53.55154639175262
DBVPG_6092,DBVPG_6092,Rhodotorula mucilaginosa,21.60916696,-0.09298847702940266,0.04977248710863214,DBVPG6092,0.0167,37.64175257731984,-74.44845360824738
DBVPG_6093,DBVPG_6093,Rhodotorula mucilaginosa,18.5472794,-0.02835644969539395,0.15938026207432252,DBVPG6093,0.0167,37.64175257731984,-110.44845360824738
DBVPG_6121,DBVPG_6121,Rhodotorula toruloides,23.43875194,0.333114921431085,0.11103178343090579,DBVPG6121,0.0169,-5.812499999999972,63.875
DBVPG_6195,DBVPG_6195,Rhodotorula diobovata,16.42027428,0.04349541758354222,0.1491230224874119,DBVPG6195,0.0151,-0.6000000000000227,-12.000000000000114
DBVPG_6202,DBVPG_6202,Rhodotorula diobovata,19.98733447,-0.3401437474683817,0.15137148219636573,DBVPG6202,0.0151,-0.6000000000000227,14.999999999999886
DBVPG_6593,DBVPG_6593,Rhodotorula mucilaginosa,23.32772859,-0.49042500924632887,-0.6198848320248884,DBVPG6593,0.0167,37.64175257731984,-17.448453608247377
DBVPG_6739,DBVPG_6739,Rhodotorula toruloides,21.01335697,-0.2088375083127158,-0.20822458817886275,DBVPG6739,0.0169,-5.812499999999972,-15.125
DBVPG_6740,DBVPG_6740,Pseudomicrostroma phylloplanum,21.36406731,0.007905890250557806,-0.019275522604740025,DBVPG6740,0.0173,0.0,-1.0658141036401505e-13
DBVPG_6741,DBVPG_6741,Rhodotorula mucilaginosa,24.08741772,2.4492244842040445,-0.20404087753857625,DBVPG6741,0.0167,37.64175257731984,18.551546391752623
DBVPG_6742,DBVPG_6742,Rhodotorula mucilaginosa,25.11841147,-0.6890344035828196,-0.1945211368612452,DBVPG6742,0.0167,37.64175257731984,64.55154639175262
DBVPG_6743,DBVPG_6743,Rhodotorula mucilaginosa,25.04456603,-0.8445138061175022,-0.2680051202730445,DBVPG6743,0.0167,37.64175257731984,61.55154639175262
DBVPG_6803,DBVPG_6803,Rhodotorula mucilaginosa,22.32252704,-1.0852534219325514,0.12176704506464074,DBVPG6803,0.0167,37.64175257731984,-60.44845360824738
DBVPG_7019,DBVPG_7019,Rhodotorula mucilaginosa,23.42592417,-0.28182223033276976,-0.09088576801171612,DBVPG7019,0.0167,37.64175257731984,-12.448453608247377
DBVPG_7021,DBVPG_7021,Rhodotorula graminis,10.55209411,-0.24514167764741196,0.3140958918861022,DBVPG7021,0.0158,-4.249999999999943,-7.000000000000114
DBVPG_7316,DBVPG_7316,Rhodotorula paludigena,24.35055475,1.3903371225303922,0.12429598674741925,DBVPG7316,0.0159,-5.277777777777686,91.33333333333329
DBVPG_7323,DBVPG_7323,Rhodotorula paludigena,13.8155065,-0.7286180768990304,-0.2336910010214415,DBVPG7323,0.0158,-9.777777777777686,-74.66666666666671
DBVPG_7539,DBVPG_7539,Rhodotorula kratochvilovae,7.639441236,0.14985183603570584,0.0918708156956966,DBVPG7539,0.0156,-3.1263880373444413e-13,-0.3333333333336696
DBVPG_8043,DBVPG_8043,Rhodotorula mucilaginosa,25.18338189,0.4045226436608322,0.06991740070108347,DBVPG8043,0.0167,37.64175257731984,66.55154639175262
DBVPG_8058,DBVPG_8058,Rhodotorula sp. clade I,23.96362788,0.8600319629734416,-0.01569646868953048,DBVPG8058,0.015,2.8421709430404014e-14,73.57142857142854
TFCN_0520-4-2-1,0520-4-2-1,Rhodotorula taiwanensis,18.40074656,0.2862465699957063,-0.07968293863825823,TFCN0520421,0.0172,0.5833333333335986,12.833333333333414
TFCN_0520-4-2-2,0520-4-2-2,Rhodotorula taiwanensis,19.93582183,0.42506701372353395,0.07348501724370816,TFCN0520422,0.0172,0.5833333333335986,22.83333333333341
TFCN_100D-1,100D-1,Rhodotorula mucilaginosa,21.81549105,-0.4741599304588125,-0.25619445908704286,TFCN100D1,0.0166,-61.358247422680165,-70.44845360824738
TFCN_102C-1,102C-1,Rhodotorula mucilaginosa,26.29944363,0.09193317051056363,0.12049033357684656,TFCN102C1,0.0167,37.64175257731984,91.55154639175262
TFCN_102C-2,102C-2,Rhodotorula mucilaginosa,22.47731299,0.20629798870001045,0.1002389030459366,TFCN102C2,0.0166,-61.358247422680165,-54.44845360824738
TFCN_102D-1,102D-1,Rhodotorula mucilaginosa,21.87794441,-0.17482467992029327,0.24924275688311293,TFCN102D1,0.0166,-61.358247422680165,-68.44845360824738
TFCN_102D-2,102D-2,Rhodotorula mucilaginosa,25.30267401,-0.2786915982371998,-0.13498713358060527,TFCN102D2,0.0167,37.64175257731984,70.55154639175262
TFCN_105A-2,105A-2,Rhodotorula mucilaginosa,24.19630831,-0.7368351469612912,-0.02148853743109508,TFCN105A2,0.0167,37.64175257731984,24.551546391752623
TFCN_106A-1,106A-1,Rhodotorula mucilaginosa,24.04070687,0.15414707076257783,-0.006733715726705864,TFCN106A1,0.0167,37.64175257731984,15.551546391752623
TFCN_107A-6,107A-6,Rhodotorula mucilaginosa,22.54508341,0.024321834431207598,-0.346530283405761,TFCN107A6,0.0167,37.64175257731984,-51.44845360824738
TFCN_107C-3,107C-3,Rhodotorula mucilaginosa,24.65335141,-1.0297079668422615,-0.5044989090570867,TFCN107C3,0.0166,-61.358247422680165,41.55154639175262
TFCN_118C-2,118C-2,Rhodotorula mucilaginosa,22.49559082,-0.5156408225067839,-0.0965071344724406,TFCN118C2,0.0166,-61.358247422680165,-53.44845360824738
TFCN_130D-4,130D-4,Rhodotorula mucilaginosa,23.34521089,-0.24686637387414978,-0.1719791467244712,TFCN130D4,0.0167,37.64175257731984,-15.448453608247377
TFCN_134A-3,134A-3,Rhodotorula mucilaginosa,24.46531655,2.5745823383074584,0.243471569443006,TFCN134A3,0.0166,-61.358247422680165,33.55154639175262
TFCN_137C-3,137C-3,Rhodotorula mucilaginosa,24.65058665,0.2937076527070829,0.27418773261565915,TFCN137C3,0.0167,37.64175257731984,40.55154639175262
TFCN_137D-4,137D-4,Rhodotorula mucilaginosa,26.2336752,0.14946527544595928,-0.012471860964552921,TFCN137D4,0.0167,37.64175257731984,90.55154639175262
TFCN_140A-3,140A-3,Rhodotorula mucilaginosa,21.58755111,0.47106850612518447,-0.07552924782995853,TFCN140A3,0.0166,-61.358247422680165,-76.44845360824738
TFCN_141C-2,141C-2,Rhodotorula mucilaginosa,25.00870143,-0.6066317514026774,0.2563841714756826,TFCN141C2,0.0167,37.64175257731984,57.55154639175262
TFCN_152A-1,152A-1,Rhodotorula mucilaginosa,26.91924418,0.9636272683093324,0.3269936554153371,TFCN152A1,0.0166,-61.358247422680165,96.55154639175262
TFCN_152A-12,152A-12,Rhodotorula mucilaginosa,26.46353895,0.07584610242529413,-0.1741837354144421,TFCN152A12,0.0166,-61.358247422680165,93.55154639175262
TFCN_152A-2,152A-2,Rhodotorula mucilaginosa,23.47743445,-0.13549046612430687,0.01607554005738299,TFCN152A2,0.0166,-61.358247422680165,-6.448453608247377
TFCN_152A-4,152A-4,Rhodotorula toruloides,21.72629878,0.25668471478069305,-0.0225699344619375,TFCN152A4,0.0173,5.187500000000028,1.875
TFCN_152A-5,152A-5,Rhodotorula mucilaginosa,23.46009155,0.5247095092590772,-0.023858807508140376,TFCN152A5,0.0166,-61.358247422680165,-9.448453608247377
TFCN_152A-6,152A-6,Rhodotorula toruloides,20.98684123,0.0993961355087701,0.05475097533485606,TFCN152A6,0.0173,5.187500000000028,-16.125
TFCN_152C-3,152C-3,Rhodotorula toruloides,22.99771427,-0.07230081881915301,-0.029849166116174122,TFCN152C3,0.0173,5.187500000000028,41.875
TFCN_152C-5,152C-5,Rhodotorula mucilaginosa,22.67638681,-0.1119306126097937,-0.060924040318009694,TFCN152C5,0.0166,-61.358247422680165,-45.44845360824738
TFCN_152C-6,152C-6,Rhodotorula toruloides,18.61932605,-0.8462192965717821,-0.09603767057898854,TFCN152C6,0.0171,-3.312499999999972,-35.125
TFCN_152D-4,152D-4,Rhodotorula toruloides,21.37887069,-0.36439475830060464,-0.04925158232366031,TFCN152D4,0.0173,5.187500000000028,-7.125
TFCN_152D-6,152D-6,Rhodotorula toruloides,18.63038826,-0.10123373767864052,-0.2242986749398889,TFCN152D6,0.0169,-5.812499999999972,-34.125
TFCN_17-0-2E334-10,17-0-2E334-10,Rhodotorula mucilaginosa,22.39296574,-0.010629303457510033,-0.2119404205954497,TFCN1702E33410,0.0166,-61.358247422680165,-56.44845360824738
TFCN_17-0-2E334-4,17-0-2E334-4,Rhodotorula mucilaginosa,24.86836471,0.18753296063633348,0.06496493935103433,TFCN1702E3344,0.0167,37.64175257731984,51.55154639175262
TFCN_17-0-2E337-3,17-0-2E337-3,Rhodotorula mucilaginosa,24.65463772,0.08746326108283518,-0.17619939588485545,TFCN1702E3373,0.0167,37.64175257731984,42.55154639175262
TFCN_17-0-2E390-1,17-0-2E390-1,Rhodotorula mucilaginosa,25.20220553,-0.06641364366880823,-0.1984068911367278,TFCN1702E3901,0.0167,37.64175257731984,68.55154639175262
TFCN_17-0-2E390-2,17-0-2E390-2,Rhodotorula mucilaginosa,23.99895699,0.38638836350212935,0.17293266616197106,TFCN1702E3902,0.0166,-61.358247422680165,13.551546391752623
TFCN_17-267M-1,17-267M-1,Rhodotorula mucilaginosa,25.26473036,-0.7653173019769298,0.25402403769959514,TFCN17267M1,0.0167,37.64175257731984,69.55154639175262
TFCN_17-291Y-1,17-291Y-1,Rhodotorula mucilaginosa,24.7066069,0.21785634847584165,0.19646866806419683,TFCN17291Y1,0.0166,-61.358247422680165,44.55154639175262
TFCN_17-325D-2,17-325D-2,Rhodotorula mucilaginosa,24.08676085,0.7300713640382402,0.2060856263601672,TFCN17325D2,0.0167,37.64175257731984,17.551546391752623
TFCN_17-325D-4,17-325D-4,Rhodotorula mucilaginosa,25.3925701,0.6548059176602531,0.18263252929559162,TFCN17325D4,0.0167,37.64175257731984,73.55154639175262
TFCN_17-325P-1,17-325P-1,Rhodotorula mucilaginosa,25.78418549,0.39999903959479544,-0.0596474314708894,TFCN17325P1,0.0167,37.64175257731984,83.55154639175262
TFCN_17-328C-3,17-328C-3,Rhodotorula sp. clade I,22.10189574,-0.24594633893681586,0.18453720665274626,TFCN17328C3,0.015,2.8421709430404014e-14,-4.428571428571459
TFCN_17-329Y-4,17-329Y-4,Rhodotorula mucilaginosa,22.88277479,-0.5689924979912712,-0.38007595542187383,TFCN17329Y4,0.0167,37.64175257731984,-37.44845360824738
TFCN_17-332C-1,17-332C-1,Rhodotorula mucilaginosa,22.97868155,0.19697988022011834,-0.07448945140182396,TFCN17332C1,0.0167,37.64175257731984,-33.44845360824738
TFCN_17-332C-2,17-332C-2,Rhodotorula mucilaginosa,24.18499887,-0.3727607751523779,0.06591581599660797,TFCN17332C2,0.0167,37.64175257731984,22.551546391752623
TFCN_17-332M-2,17-332M-2,Rhodotorula mucilaginosa,22.97705776,-0.15704375751588587,0.27179587301345876,TFCN17332M2,0.0167,37.64175257731984,-34.44845360824738
TFCN_17-332P-1,17-332P-1,Rhodotorula mucilaginosa,22.75990749,-0.532515854091988,-0.19060738585391787,TFCN17332P1,0.0166,-61.358247422680165,-41.44845360824738
TFCN_17-332P-2,17-332P-2,Rhodotorula mucilaginosa,23.91822341,-0.08150724212013723,0.2381706196261969,TFCN17332P2,0.0167,37.64175257731984,8.551546391752623
TFCN_17-333D-2,17-333D-2,Rhodotorula mucilaginosa,23.5905767,0.08960200533789506,-0.06946778695118792,TFCN17333D2,0.0167,37.64175257731984,-0.4484536082473767
TFCN_17-333P-6,17-333P-6,Rhodotorula mucilaginosa,27.28200817,0.9874444378330859,0.35602721106007784,TFCN17333P6,0.0167,37.64175257731984,98.55154639175262
TFCN_17-334C-1,17-334C-1,Rhodotorula mucilaginosa,24.67066616,0.3081563708092018,0.13171160426772446,TFCN17334C1,0.0167,37.64175257731984,43.55154639175262
TFCN_17-334D-6,17-334D-6,Rhodotorula mucilaginosa,23.98674505,0.18478391496567956,0.16666383933439224,TFCN17334D6,0.0167,37.64175257731984,12.551546391752623
TFCN_17-334Y-2,17-334Y-2,Rhodotorula mucilaginosa,25.34454032,-0.05899456290708852,0.05576578119879834,TFCN17334Y2,0.0166,-61.358247422680165,71.55154639175262
TFCN_17-334Y-3,17-334Y-3,Rhodotorula mucilaginosa,23.21891467,0.2967826112496518,0.22139418792002133,TFCN17334Y3,0.0166,-61.358247422680165,-20.448453608247377
TFCN_17-334Y-5,17-334Y-5,Rhodotorula mucilaginosa,24.86708616,0.15728112314163237,-0.08719551307568456,TFCN17334Y5,0.0167,37.64175257731984,50.55154639175262
TFCN_17-337P-5,17-337P-5,Rhodotorula mucilaginosa,25.94201354,1.1622023621083708,0.48788776995230354,TFCN17337P5,0.0167,37.64175257731984,87.55154639175262
TFCN_17-338D-3,17-338D-3,Rhodotorula mucilaginosa,27.43164458,-0.2082255515710235,-0.31735820210533794,TFCN17338D3,0.0166,-61.358247422680165,99.55154639175262
TFCN_17-390M-1,17-390M-1,Rhodotorula mucilaginosa,24.11197693,-0.39470025144902016,0.05386313510733614,TFCN17390M1,0.0166,-61.358247422680165,19.551546391752623
TFCN_172A-1,172A-1,Rhodotorula mucilaginosa,24.78203923,-0.14841229556002067,-0.1549646613533391,TFCN172A1,0.0167,37.64175257731984,46.55154639175262
TFCN_17Y-278-1,17Y-278-1,Rhodotorula mucilaginosa,24.94435915,-0.49148166501990487,-0.12977308392109996,TFCN17Y2781,0.0167,37.64175257731984,54.55154639175262
TFCN_181A-1,181A-1,Rhodotorula mucilaginosa,23.60157614,0.04197969988296848,0.26704141306863977,TFCN181A1,0.0167,37.64175257731984,0.5515463917526233
TFCN_186DK3-2,186DK3-2,Rhodotorula sp. clade XI,23.47963672,0.3687329634756309,0.055073538401343866,TFCN186DK32,0.0161,3.694822225952521e-13,45.00000000000006
TFCN_1A-1-2,1A-1-2,Rhodotorula paludigena,22.87270606,0.03843420748460276,-0.06595166124700069,TFCN1A12,0.0166,46.72222222222232,21.33333333333329
TFCN_1A-1-3,1A-1-3,Rhodotorula pacifica,25.03112434,0.000864143307834582,0.0472749475467555,TFCN1A13,0.0167,5.684341886080803e-14,-8.000000000000028
TFCN_1A-14,1A-14,Rhodotorula mucilaginosa,22.56637193,-0.09072887544819004,-0.1552735111581658,TFCN1A14,0.0166,-61.358247422680165,-49.44845360824738
TFCN_1B-1-2,1B-1-2,Rhodotorula pacifica,25.44957378,0.10188948492040809,-0.021918815820129202,TFCN1B12,0.0167,5.684341886080803e-14,7.999999999999972
TFCN_209-6-1,209-6-1,Rhodotorula mucilaginosa,22.16821843,0.28459163235630935,0.22152591492334087,TFCN20961,0.0166,-61.358247422680165,-65.44845360824738
TFCN_209-6-11,209-6-11,Rhodotorula mucilaginosa,22.71536613,-0.06267246226469267,0.08481173247028219,TFCN209611,0.0167,37.64175257731984,-43.44845360824738
TFCN_209-6-12,209-6-12,Rhodotorula mucilaginosa,24.46378776,0.3661102041763848,-0.08137247196334499,TFCN209612,0.0167,37.64175257731984,32.55154639175262
TFCN_209-6-14,209-6-14,Rhodotorula mucilaginosa,24.58425399,0.07741953239192864,0.09761661404346567,TFCN209614,0.0167,37.64175257731984,38.55154639175262
TFCN_209-6-17,209-6-17,Rhodotorula mucilaginosa,25.50773362,-0.16504910507496684,-0.03823031239277431,TFCN209617,0.0167,37.64175257731984,77.55154639175262
TFCN_209-6-2,209-6-2,Rhodotorula mucilaginosa,24.63154487,0.21206088353103517,0.09236529144184243,TFCN20962,0.0166,-61.358247422680165,39.55154639175262
TFCN_209-6-4,209-6-4,Rhodotorula mucilaginosa,25.81895226,0.16205851151559708,0.05105957094042835,TFCN20964,0.0167,37.64175257731984,84.55154639175262
TFCN_209-6-5,209-6-5,Rhodotorula mucilaginosa,24.26690358,1.1172859916284894,0.14423311953837228,TFCN20965,0.0167,37.64175257731984,26.551546391752623
TFCN_211A-3,211A-3,Rhodotorula mucilaginosa,22.28481236,-0.391988594783193,-0.03609821970221182,TFCN211A3,0.0166,-61.358247422680165,-61.44845360824738
TFCN_212C-2,212C-2,Rhodotorula mucilaginosa,24.23208753,0.2917043171512611,0.27008629534359235,TFCN212C2,0.0166,-61.358247422680165,25.551546391752623
TFCN_213-6-2,213-6-2,Rhodotorula mucilaginosa,24.18698406,0.22631558089430898,-0.2584587655931722,TFCN21362,0.0166,-61.358247422680165,23.551546391752623
TFCN_213-6-4,213-6-4,Rhodotorula mucilaginosa,24.51810133,-0.18655138334031185,-0.21908609915640323,TFCN21364,0.0166,-61.358247422680165,35.55154639175262
TFCN_222A-2,222A-2,Rhodotorula sp. clade I,26.55615047,-0.7176475402064101,-0.14615745149890563,TFCN222A2,0.015,2.8421709430404014e-14,157.57142857142856
TFCN_22C-4,22C-4,Rhodotorula mucilaginosa,24.28472686,0.16689404791369078,0.09092918398188156,TFCN22C4,0.0167,37.64175257731984,27.551546391752623
TFCN_25-0-2E332-1,25-0-2E332-1,Rhodotorula mucilaginosa,23.55262525,0.362647137612508,-0.05098753465259369,TFCN2502E3321,0.0167,37.64175257731984,-1.448453608247377
TFCN_25-0-2E333-1,25-0-2E333-1,Rhodotorula mucilaginosa,27.24116449,-0.41059630396445995,0.028845779911283898,TFCN2502E3331,0.0167,37.64175257731984,97.55154639175262
TFCN_25-0-2E333-5,25-0-2E333-5,Rhodotorula mucilaginosa,23.49843205,-0.5443817628205997,-0.0268777124979194,TFCN2502E3335,0.0166,-61.358247422680165,-3.4484536082473767
TFCN_25-0-2E333-7,25-0-2E333-7,Rhodotorula mucilaginosa,22.82214379,-0.18513481327612044,-0.058917445493131146,TFCN2502E3337,0.0166,-61.358247422680165,-40.44845360824738
TFCN_25-0-2E334-1,25-0-2E334-1,Rhodotorula mucilaginosa,23.67678758,-0.2892945341022882,0.31672661562928867,TFCN2502E3341,0.0167,37.64175257731984,3.5515463917526238
TFCN_25-0-2E390-1,25-0-2E390-1,Rhodotorula mucilaginosa,25.88962136,0.8365432012495264,0.4608209913656638,TFCN2502E3901,0.0167,37.64175257731984,85.55154639175262
TFCN_25-325Y-1,25-325Y-1,Rhodotorula mucilaginosa,25.92015055,0.17153607894863962,0.325356243032531,TFCN25325Y1,0.0166,-61.358247422680165,86.55154639175262
TFCN_25-327D-1,25-327D-1,Rhodotorula mucilaginosa,24.52823753,-0.563577938779206,0.09822692768023301,TFCN25327D1,0.0166,-61.358247422680165,37.55154639175262
TFCN_25-331D-1,25-331D-1,Rhodotorula mucilaginosa,18.43975071,0.2535894397985725,-0.33532397954658344,TFCN25331D1,0.0167,37.64175257731984,-112.44845360824738
TFCN_25-332C-1,25-332C-1,Rhodotorula mucilaginosa,23.62762653,0.876301881120842,0.21835636017066776,TFCN25332C1,0.0167,37.64175257731984,1.551546391752623
TFCN_25-332D-1,25-332D-1,Rhodotorula mucilaginosa,23.0575439,-0.5873323280971449,-0.07695400850562395,TFCN25332D1,0.0166,-61.358247422680165,-28.448453608247377
TFCN_25-332P-2,25-332P-2,Rhodotorula mucilaginosa,23.65766434,-0.1844204259621128,-0.23304524959216888,TFCN25332P2,0.0167,37.64175257731984,2.5515463917526238
TFCN_25-332Y-1,25-332Y-1,Rhodotorula mucilaginosa,23.2334282,-0.5133709288659671,-0.50889713582373,TFCN25332Y1,0.0167,37.64175257731984,-19.448453608247377
TFCN_25-333C-2,25-333C-2,Rhodotorula mucilaginosa,17.94539092,-0.57778865494245,-0.3480555884113503,TFCN25333C2,0.0166,-61.358247422680165,-119.44845360824738
TFCN_25-333D-5,25-333D-5,Rhodotorula sp. clade I,21.28161346,0.00733247314513856,0.15851180465016432,TFCN25333D5,0.015,2.8421709430404014e-14,-22.42857142857146
TFCN_25-333P-2,25-333P-2,Rhodotorula mucilaginosa,21.7597577,0.7870609311393414,0.11637743935496014,TFCN25333P2,0.0166,-61.358247422680165,-71.44845360824738
TFCN_25-333P-5,25-333P-5,Rhodotorula paludigena,22.92053482,0.8210603362950049,-0.10312394982867736,TFCN25333P5,0.0159,-5.277777777777686,25.33333333333329
TFCN_25-333Y-10,25-333Y-10,Rhodotorula mucilaginosa,22.51663104,-0.1812812273474104,-0.0374479120086476,TFCN25333Y10,0.0167,37.64175257731984,-52.44845360824738
TFCN_25-333Y-2,25-333Y-2,Rhodotorula sp. clade I,15.79311168,-0.3273976569388772,0.1671467818086863,TFCN25333Y2,0.015,2.8421709430404014e-14,-66.42857142857146
TFCN_25-333Y-9,25-333Y-9,Rhodotorula mucilaginosa,24.49523214,-0.211342334243272,-0.07306539298342173,TFCN25333Y9,0.0166,-61.358247422680165,34.55154639175262
TFCN_25-334D-3,25-334D-3,Rhodotorula mucilaginosa,23.50150848,-0.3310261508122395,-0.2234121616798667,TFCN25334D3,0.0167,37.64175257731984,-2.4484536082473767
TFCN_25-334Y-6,25-334Y-6,Rhodotorula mucilaginosa,21.59260277,0.23345528523585823,0.17516044323893004,TFCN25334Y6,0.0167,37.64175257731984,-75.44845360824738
TFCN_25-335C-1,25-335C-1,Rhodotorula diobovata,19.96227607,-0.17977577469422396,-0.3986747514612317,TFCN25335C1,0.0151,-0.6000000000000227,12.999999999999886
TFCN_25-335P-1,25-335P-1,Rhodotorula diobovata,17.1437508,-0.521656086868775,0.06406455385268436,TFCN25335P1,0.0152,2.3999999999999773,-10.000000000000114
TFCN_25-335Y-1,25-335Y-1,Rhodotorula mucilaginosa,25.1991062,-0.10184726440591417,-0.10985981148177454,TFCN25335Y1,0.0166,-61.358247422680165,67.55154639175262
TFCN_25-337M-3,25-337M-3,Rhodotorula mucilaginosa,23.34620228,-0.0019359943494617858,-0.058437512286356096,TFCN25337M3,0.0167,37.64175257731984,-14.448453608247377
TFCN_25-337Y-1,25-337Y-1,Rhodotorula mucilaginosa,24.73746177,0.16751267725439845,-0.14681230534778328,TFCN25337Y1,0.0167,37.64175257731984,45.55154639175262
TFCN_25-395P-1,25-395P-1,Rhodotorula mucilaginosa,22.33554954,-0.3441024319669489,-0.04803231992571039,TFCN25395P1,0.0167,37.64175257731984,-59.44845360824738
TFCN_270H-2,270H-2,Rhodotorula mucilaginosa,21.02843845,-0.4603190849970212,-0.44092308106524275,TFCN270H2,0.0167,37.64175257731984,-88.44845360824738
TFCN_273H-1,273H-1,Rhodotorula mucilaginosa,21.21164228,0.10881192764903441,0.10311765938711674,TFCN273H1,0.0166,-61.358247422680165,-86.44845360824738
TFCN_2M-1-4,2M-1-4,Rhodotorula mucilaginosa,22.34794577,-0.43901676414461976,-0.05350455977215155,TFCN2M14,0.0166,-61.358247422680165,-58.44845360824738
TFCN_33A-4,33A-4,Rhodotorula mucilaginosa,18.52114955,-0.7558944236324121,-0.1339774661565815,TFCN33A4,0.0167,37.64175257731984,-111.44845360824738
TFCN_340-1,340-1,Rhodotorula mucilaginosa,23.18669013,-0.5748276224661565,-0.3601635288683596,TFCN3401,0.0166,-61.358247422680165,-23.448453608247377
TFCN_340-3,340-3,Rhodotorula mucilaginosa,22.67611241,-0.34992140092870005,-0.005736194774942438,TFCN3403,0.0166,-61.358247422680165,-46.44845360824738
TFCN_342-3,342-3,Rhodotorula mucilaginosa,23.46499789,-0.2685017814130002,-0.019497955620932796,TFCN3423,0.0167,37.64175257731984,-8.448453608247377
TFCN_357-1,357-1,Rhodotorula taiwanensis,14.44814911,-0.28596176503741244,-0.18030663572039943,TFCN3571,0.0172,0.5833333333335986,-7.166666666666586
TFCN_363-1-2,363-1-2,Rhodotorula mucilaginosa,22.71647793,-0.7571845795434903,0.2827518237226597,TFCN36312,0.0166,-61.358247422680165,-42.44845360824738
TFCN_3M-1-1,3M-1-1,Rhodotorula mucilaginosa,23.10906211,-0.4654011488120232,-0.496135305769958,TFCN3M11,0.0164,-99.85824742268017,-27.448453608247377
TFCN_404D-1,404D-1,Rhodotorula mucilaginosa,25.66596149,0.09644181992068149,0.176326513255347,TFCN404D1,0.0167,37.64175257731984,81.55154639175262
TFCN_43A-4,43A-4,Rhodotorula paludigena,23.68053102,0.775545773839732,0.022135890552817356,TFCN43A4,0.0159,-5.277777777777686,65.33333333333329
TFCN_48A-15,48A-15,Rhodotorula paludigena,20.63184716,-0.2469947459113336,-0.024619988825651896,TFCN48A15,0.0159,-5.277777777777686,-32.666666666666714
TFCN_48A-2,48A-2,Rhodotorula paludigena,21.81751424,0.1693108060002218,-0.13371042514023898,TFCN48A2,0.0159,-5.277777777777686,-8.666666666666714
TFCN_48D-10,48D-10,Rhodotorula paludigena,20.66056655,-0.23459021795310034,-0.2335203215481166,TFCN48D10,0.0159,-5.277777777777686,-31.666666666666718
TFCN_4M-1-2,4M-1-2,Rhodotorula mucilaginosa,23.43240469,-0.005990582816864935,0.16064152547101115,TFCN4M12,0.0166,-61.358247422680165,-11.448453608247377
TFCN_4M-1-3,4M-1-3,Rhodotorula mucilaginosa,23.96067975,-0.3977898826633481,-0.2921762264287742,TFCN4M13,0.0167,37.64175257731984,9.551546391752623
TFCN_4M-1-4,4M-1-4,Rhodotorula mucilaginosa,22.90995384,0.33942839876171094,-0.007396728492826015,TFCN4M14,0.0167,37.64175257731984,-36.44845360824738
TFCN_4M-1-5,4M-1-5,Rhodotorula mucilaginosa,24.04616918,-0.3289530397717365,-0.15820627085376995,TFCN4M15,0.0167,37.64175257731984,16.551546391752623
TFCN_54D-2,54D-2,Rhodotorula mucilaginosa,25.1830412,0.07795575009070144,0.40610340069464057,TFCN54D2,0.0167,37.64175257731984,65.55154639175262
TFCN_7-9-2,7-9-2,Rhodotorula diobovata,17.87371848,0.16524688270662213,-0.06294399372911058,TFCN792,0.0151,-0.6000000000000227,-6.000000000000114
TFCN_7W-292-3,7W-292-3,Rhodotorula dairenensis,23.27111075,0.20068097396360224,0.0456192754418566,TFCN7W2923,0.0163,0.92857142857153,38.71428571428564
TFCN_86A-3,86A-3,Rhodotorula mucilaginosa,24.36816263,-0.22114316018904034,0.009133604931904831,TFCN86A3,0.0167,37.64175257731984,31.551546391752623
TFCN_86A-6,86A-6,Rhodotorula sphaerocarpa,20.11131803,-0.2148909397921931,-0.06650161739687012,TFCN86A6,0.0166,-65.9999999999996,-29.333333333333
TFCN_86A-8,86A-8,Rhodotorula sphaerocarpa,22.70086167,0.23850027079096825,-0.018968242943928206,TFCN86A8,0.0167,33.0000000000004,25.666666666667
TFCN_86C-9,86C-9,Rhodotorula sphaerocarpa,22.1269168,0.18678010051497076,0.050027530305814125,TFCN86C9,0.0167,33.0000000000004,3.6666666666669983
TFCN_89D-3,89D-3,Rhodotorula mucilaginosa,22.64096084,0.0959456182867986,-0.24171831067326366,TFCN89D3,0.0166,-61.358247422680165,-48.44845360824738
TFCN_98A-10,98A-10,Rhodotorula mucilaginosa,21.0851418,-0.2993379055013026,0.018460988869624165,TFCN98A10,0.0166,-61.358247422680165,-87.44845360824738
TFCN_98A-5,98A-5,Rhodotorula mucilaginosa,25.06620526,0.7259686664219506,0.571525037576129,TFCN98A5,0.0166,-61.358247422680165,62.55154639175262
TFCN_98C-3,98C-3,Rhodotorula mucilaginosa,23.96510638,-0.4796417884706119,-0.12999290169873862,TFCN98C3,0.0167,37.64175257731984,11.551546391752623
TFCN_98C-5,98C-5,Rhodotorula mucilaginosa,23.48785269,-0.08309623992352291,-0.28694764958192687,TFCN98C5,0.0167,37.64175257731984,-4.448453608247377
TFCN_98C-7,98C-7,Rhodotorula mucilaginosa,22.66448246,-0.4118547130844226,0.02841024524665088,TFCN98C7,0.0166,-61.358247422680165,-47.44845360824738
TFCN_98C-8,98C-8,Rhodotorula mucilaginosa,23.01017548,0.13360663681202248,-0.09000142001876008,TFCN98C8,0.0166,-61.358247422680165,-30.448453608247377
TFCN_98D-11,98D-11,Rhodotorula mucilaginosa,25.04280379,-0.42263509525184284,-0.04386974285079838,TFCN98D11,0.0167,37.64175257731984,60.55154639175262
TFCN_98D-7,98D-7,Rhodotorula mucilaginosa,25.0002092,0.36316728145302934,0.054682461153677114,TFCN98D7,0.0167,37.64175257731984,56.55154639175262
TFCN_98D-9,98D-9,Rhodotorula mucilaginosa,24.78578375,0.6343628086743366,0.0251560680946796,TFCN98D9,0.0167,37.64175257731984,47.55154639175262
TFCN_S22D-1,S22D-1,Rhodotorula taiwanensis,15.56565262,0.05549234058276418,-0.10609122191360437,TFCNS22D1,0.0172,0.5833333333335986,-4.166666666666586
