phenotype,raw_position,compound,rho,pval,q_value,significant_q05
Median_ColorLab_L*Mean,11564,torularhodin,0.011975953161134336,0.7832654926729461,0.7832654926729461,False
Median_ColorLab_L*Mean,12635,torularhodin,-0.12839546268471944,0.00306471048973243,0.00919413146919729,True
Median_ColorLab_L*Mean,15041,shinorine,0.04459912886819765,0.3054411247498545,0.4072592143114239,False
Median_ColorLab_a*Mean,11564,torularhodin,0.043569135973998904,0.31675716668666304,0.4072592143114239,False
Median_ColorLab_a*Mean,12635,torularhodin,0.1349039356030361,0.0018542898707673535,0.008344304418453092,True
Median_ColorLab_a*Mean,15041,shinorine,0.09808906644471967,0.023927185339164516,0.04306893361049613,True
Median_ColorLab_b*Mean,11564,torularhodin,-0.024340402278237482,0.5760812276826915,0.648091381143028,False
Median_ColorLab_b*Mean,12635,torularhodin,0.217838878612069,4.1027437585036647e-07,3.692469382653298e-06,True
Median_ColorLab_b*Mean,15041,shinorine,-0.11530946765636264,0.007878700704683737,0.01772707658553841,True
