phenotype,raw_position,compound,rho,perm_pval
Median_ColorLab_b*Mean,12635,torularhodin,0.217838878612069,0.0001999600079984003
Median_ColorLab_b*Mean,15041,shinorine,-0.11530946765636264,0.006998600279944011
Median_ColorLab_a*Mean,15041,shinorine,0.09808906644471967,0.020995800839832032
Median_ColorLab_a*Mean,12635,torularhodin,0.1349039356030361,0.02459508098380324
Median_ColorLab_L*Mean,12635,torularhodin,-0.12839546268471944,0.03199360127974405
Median_ColorLab_L*Mean,15041,shinorine,0.04459912886819765,0.30293941211757647
Median_ColorLab_a*Mean,11564,torularhodin,0.043569135973998904,0.383123375324935
Median_ColorLab_b*Mean,11564,torularhodin,-0.024340402278237482,0.6376724655068986
Median_ColorLab_L*Mean,11564,torularhodin,0.011975953161134336,0.7954409118176364
